,Word,Score
0,$:,-1.5
1,%),-0.4
2,%-),-1.5
3,&-:,-0.4
4,&:,-0.7
5,( '}{' ),1.6
6,(%,-0.9
7,('-:,2.2
8,(':,2.3
9,((-:,2.1
10,(*,1.1
11,(-%,-0.7
12,(-*,1.3
13,(-:,1.6
14,(-:0,2.8
15,(-:<,-0.4
16,(-:o,1.5
17,(-:O,1.5
18,(-:{,-0.1
19,(-:|>*,1.9
20,(-;,1.3
21,(-;|,2.1
22,(8,2.6
23,(:,2.2
24,(:0,2.4
25,(:<,-0.2
26,(:o,2.5
27,(:O,2.5
28,(;,1.1
29,(;<,0.3
30,(=,2.2
31,(?:,2.1
32,(^:,1.5
33,(^;,1.5
34,(^;0,2.0
35,(^;o,1.9
36,(o:,1.6
37,)':,-2.0
38,)-':,-2.1
39,)-:,-2.1
40,)-:<,-2.2
41,)-:{,-2.1
42,):,-1.8
43,):<,-1.9
44,):{,-2.3
45,);<,-2.6
46,*),0.6
47,*-),0.3
48,*-:,2.1
49,*-;,2.4
50,*:,1.9
51,*<|:-),1.6
52,*\0/*,2.3
53,*^:,1.6
54,",-:",1.2
55,---'-;-{@,2.3
56,--<--<@,2.2
57,.-:,-1.2
58,..###-:,-1.7
59,..###:,-1.9
60,/-:,-1.3
61,/:,-1.3
62,/:<,-1.4
63,/=,-0.9
64,/^:,-1.0
65,/o:,-1.4
66,0-8,0.1
67,0-|,-1.2
68,0:),1.9
69,0:-),1.4
70,0:-3,1.5
71,0:03,1.9
72,0;^),1.6
73,0_o,-0.3
74,10q,2.1
75,1337,2.1
76,143,3.2
77,1432,2.6
78,14aa41,2.4
79,182,-2.9
80,187,-3.1
81,2g2b4g,2.8
82,2g2bt,-0.1
83,2qt,2.1
84,3:(,-2.2
85,3:),0.5
86,3:-(,-2.3
87,3:-),-1.4
88,4col,-2.2
89,4q,-3.1
90,5fs,1.5
91,8),1.9
92,8-d,1.7
93,8-o,-0.3
94,86,-1.6
95,8d,2.9
96,:###..,-2.4
97,:$,-0.2
98,:&,-0.6
99,:'(,-2.2
100,:'),2.3
101,:'-(,-2.4
102,:'-),2.7
103,:(,-1.9
104,:),2.0
105,:*,2.5
106,:-###..,-2.5
107,:-&,-0.5
108,:-(,-1.5
109,:-),1.3
110,:-)),2.8
111,:-*,1.7
112,":-,",1.1
113,:-.,-0.9
114,:-/,-1.2
115,:-<,-1.5
116,:-d,2.3
117,:-D,2.3
118,:-o,0.1
119,:-p,1.5
120,:-[,-1.6
121,:-\,-0.9
122,:-c,-1.3
123,:-|,-0.7
124,:-||,-2.5
125,:-Þ,0.9
126,:/,-1.4
127,:3,2.3
128,:<,-2.1
129,:>,2.1
130,:?),1.3
131,:?c,-1.6
132,:@,-2.5
133,:d,2.3
134,:D,2.3
135,:l,-1.7
136,:o,-0.4
137,:p,1.0
138,:s,-1.2
139,:[,-2.0
140,:\,-1.3
141,:],2.2
142,:^),2.1
143,:^*,2.6
144,:^/,-1.2
145,:^\,-1.0
146,:^|,-1.0
147,:c,-2.1
148,:c),2.0
149,:o),2.1
150,:o/,-1.4
151,:o\,-1.1
152,:o|,-0.6
153,:P,1.4
154,:{,-1.9
155,:|,-0.4
156,:},2.1
157,:Þ,1.1
158,;),0.9
159,;-),1.0
160,;-*,2.2
161,;-],0.7
162,;d,0.8
163,;D,0.8
164,;],0.6
165,;^),1.4
166,</3,-3.0
167,<3,1.9
168,<:,2.1
169,<:-|,-1.4
170,=),2.2
171,=-3,2.0
172,=-d,2.4
173,=-D,2.4
174,=/,-1.4
175,=3,2.1
176,=d,2.3
177,=D,2.3
178,=l,-1.2
179,=\,-1.2
180,=],1.6
181,=p,1.3
182,=|,-0.8
183,>-:,-2.0
184,>.<,-1.3
185,>:,-2.1
186,>:(,-2.7
187,>:),0.4
188,>:-(,-2.7
189,>:-),-0.4
190,>:/,-1.6
191,>:o,-1.2
192,>:p,1.0
193,>:[,-2.1
194,>:\,-1.7
195,>;(,-2.9
196,>;),0.1
197,>_>^,2.1
198,@:,-2.1
199,@>-->--,2.1
200,@}-;-'---,2.2
201,aas,2.5
202,aayf,2.7
203,afu,-2.9
204,alol,2.8
205,ambw,2.9
206,aml,3.4
207,atab,-1.9
208,awol,-1.3
209,ayc,0.2
210,ayor,-1.2
211,aug-00,0.3
212,bfd,-2.7
213,bfe,-2.6
214,bff,2.9
215,bffn,1.0
216,bl,2.3
217,bsod,-2.2
218,btd,-2.1
219,btdt,-0.1
220,bz,0.4
221,b^d,2.6
222,cwot,-2.3
223,d-':,-2.5
224,d8,-3.2
225,d:,1.2
226,d:<,-3.2
227,d;,-2.9
228,d=,1.5
229,doa,-2.3
230,dx,-3.0
231,ez,1.5
232,fav,2.0
233,fcol,-1.8
234,ff,1.8
235,ffs,-2.8
236,fkm,-2.4
237,foaf,1.8
238,ftw,2.0
239,fu,-3.7
240,fubar,-3.0
241,fwb,2.5
242,fyi,0.8
243,fysa,0.4
244,g1,1.4
245,gg,1.2
246,gga,1.7
247,gigo,-0.6
248,gj,2.0
249,gl,1.3
250,gla,2.5
251,gn,1.2
252,gr8,2.7
253,grrr,-0.4
254,gt,1.1
255,h&k,2.3
256,hagd,2.2
257,hagn,2.2
258,hago,1.2
259,hak,1.9
260,hand,2.2
261,heart,3.2
262,hearts,3.3
263,hho1/2k,1.4
264,hhoj,2.0
265,hhok,0.9
266,hugz,2.0
267,hi5,1.9
268,idk,-0.4
269,ijs,0.7
270,ilu,3.4
271,iluaaf,2.7
272,ily,3.4
273,ily2,2.6
274,iou,0.7
275,iyq,2.3
276,j/j,2.0
277,j/k,1.6
278,j/p,1.4
279,j/t,-0.2
280,j/w,1.0
281,j4f,1.4
282,j4g,1.7
283,jho,0.8
284,jhomf,1.0
285,jj,1.0
286,jk,0.9
287,jp,0.8
288,jt,0.9
289,jw,1.6
290,jealz,-1.2
291,k4y,2.3
292,kfy,2.3
293,kia,-3.2
294,kk,1.5
295,kmuf,2.2
296,l,2.0
297,l&r,2.2
298,laoj,1.3
299,lmao,2.9
300,lmbao,1.8
301,lmfao,2.5
302,lmso,2.7
303,lol,1.8
304,lolz,2.7
305,lts,1.6
306,ly,2.6
307,ly4e,2.7
308,lya,3.3
309,lyb,3.0
310,lyl,3.1
311,lylab,2.7
312,lylas,2.6
313,lylb,1.6
314,m8,1.4
315,mia,-1.2
316,mml,2.0
317,mofo,-2.4
318,muah,2.3
319,mubar,-1.0
320,musm,0.9
321,mwah,2.5
322,n1,1.9
323,nbd,1.3
324,nbif,-0.5
325,nfc,-2.7
326,nfw,-2.4
327,nh,2.2
328,nimby,-0.8
329,nimjd,-0.7
330,nimq,-0.2
331,nimy,-1.4
332,nitl,-1.5
333,nme,-2.1
334,noyb,-0.7
335,np,1.4
336,ntmu,1.4
337,o-8,-0.5
338,o-:,-0.3
339,o-|,-1.1
340,o.o,-0.8
341,O.o,-0.6
342,o.O,-0.6
343,o:,-0.2
344,o:),1.5
345,o:-),2.0
346,o:-3,2.2
347,o:3,2.3
348,o:<,-0.3
349,o;^),1.6
350,ok,1.2
351,o_o,-0.5
352,O_o,-0.5
353,o_O,-0.5
354,pita,-2.4
355,pls,0.3
356,plz,0.3
357,pmbi,0.8
358,pmfji,0.3
359,pmji,0.7
360,po,-2.6
361,ptl,2.6
362,pu,-1.1
363,qq,-2.2
364,qt,1.8
365,r&r,2.4
366,rofl,2.7
367,roflmao,2.5
368,rotfl,2.6
369,rotflmao,2.8
370,rotflmfao,2.5
371,rotflol,3.0
372,rotgl,2.9
373,rotglmao,1.8
374,s:,-1.1
375,sapfu,-1.1
376,sete,2.8
377,sfete,2.7
378,sgtm,2.4
379,slap,0.6
380,slaw,2.1
381,smh,-1.3
382,snafu,-2.5
383,sob,-1.0
384,swak,2.3
385,tgif,2.3
386,thks,1.4
387,thx,1.5
388,tia,2.3
389,tmi,-0.3
390,tnx,1.1
391,true,1.8
392,tx,1.5
393,txs,1.1
394,ty,1.6
395,tyvm,2.5
396,urw,1.9
397,vbg,2.1
398,vbs,3.1
399,vip,2.3
400,vwd,2.6
401,vwp,2.1
402,wag,-0.2
403,wd,2.7
404,wilco,0.9
405,wp,1.0
406,wtf,-2.8
407,wtg,2.1
408,wth,-2.4
409,x-d,2.6
410,x-p,1.7
411,xd,2.8
412,xlnt,3.0
413,xoxo,3.0
414,xoxozzz,2.3
415,xp,1.6
416,xqzt,1.6
417,xtc,0.8
418,yolo,1.1
419,yoyo,0.4
420,yvw,1.6
421,yw,1.8
422,ywia,2.5
423,zzz,-1.2
424,[-;,0.5
425,[:,1.3
426,[;,1.0
427,[=,1.7
428,\-:,-1.0
429,\:,-1.0
430,\:<,-1.7
431,\=,-1.1
432,\^:,-1.3
433,\o/,2.2
434,\o:,-1.2
435,]-:,-2.1
436,]:,-1.6
437,]:<,-2.5
438,^<_<,1.4
439,^urs,-2.8
440,abandon,-1.9
441,abandoned,-2.0
442,abandoner,-1.9
443,abandoners,-1.9
444,abandoning,-1.6
445,abandonment,-2.4
446,abandonments,-1.7
447,abandons,-1.3
448,abducted,-2.3
449,abduction,-2.8
450,abductions,-2.0
451,abhor,-2.0
452,abhorred,-2.4
453,abhorrent,-3.1
454,abhors,-2.9
455,abilities,1.0
456,ability,1.3
457,aboard,0.1
458,absentee,-1.1
459,absentees,-0.8
460,absolve,1.2
461,absolved,1.5
462,absolves,1.3
463,absolving,1.6
464,abuse,-3.2
465,abused,-2.3
466,abuser,-2.6
467,abusers,-2.6
468,abuses,-2.6
469,abusing,-2.0
470,abusive,-3.2
471,abusively,-2.8
472,abusiveness,-2.5
473,abusivenesses,-3.0
474,accept,1.6
475,acceptabilities,1.6
476,acceptability,1.1
477,acceptable,1.3
478,acceptableness,1.3
479,acceptably,1.5
480,acceptance,2.0
481,acceptances,1.7
482,acceptant,1.6
483,acceptation,1.3
484,acceptations,0.9
485,accepted,1.1
486,accepting,1.6
487,accepts,1.3
488,accident,-2.1
489,accidental,-0.3
490,accidentally,-1.4
491,accidents,-1.3
492,accomplish,1.8
493,accomplished,1.9
494,accomplishes,1.7
495,accusation,-1.0
496,accusations,-1.3
497,accuse,-0.8
498,accused,-1.2
499,accuses,-1.4
500,accusing,-0.7
501,ache,-1.6
502,ached,-1.6
503,aches,-1.0
504,achievable,1.3
505,aching,-2.2
506,acquit,0.8
507,acquits,0.1
508,acquitted,1.0
509,acquitting,1.3
510,acrimonious,-1.7
511,active,1.7
512,actively,1.3
513,activeness,0.6
514,activenesses,0.8
515,actives,1.1
516,adequate,0.9
517,admirability,2.4
518,admirable,2.6
519,admirableness,2.2
520,admirably,2.5
521,admiral,1.3
522,admirals,1.5
523,admiralties,1.6
524,admiralty,1.2
525,admiration,2.5
526,admirations,1.6
527,admire,2.1
528,admired,2.3
529,admirer,1.8
530,admirers,1.7
531,admires,1.5
532,admiring,1.6
533,admiringly,2.3
534,admit,0.8
535,admits,1.2
536,admitted,0.4
537,admonished,-1.9
538,adopt,0.7
539,adopts,0.7
540,adorability,2.2
541,adorable,2.2
542,adorableness,2.5
543,adorably,2.1
544,adoration,2.9
545,adorations,2.2
546,adore,2.6
547,adored,1.8
548,adorer,1.7
549,adorers,2.1
550,adores,1.6
551,adoring,2.6
552,adoringly,2.4
553,adorn,0.9
554,adorned,0.8
555,adorner,1.3
556,adorners,0.9
557,adorning,1.0
558,adornment,1.3
559,adornments,0.8
560,adorns,0.5
561,advanced,1.0
562,advantage,1.0
563,advantaged,1.4
564,advantageous,1.5
565,advantageously,1.9
566,advantageousness,1.6
567,advantages,1.5
568,advantaging,1.6
569,adventure,1.3
570,adventured,1.3
571,adventurer,1.2
572,adventurers,0.9
573,adventures,1.4
574,adventuresome,1.7
575,adventuresomeness,1.3
576,adventuress,0.8
577,adventuresses,1.4
578,adventuring,2.3
579,adventurism,1.5
580,adventurist,1.4
581,adventuristic,1.7
582,adventurists,1.2
583,adventurous,1.4
584,adventurously,1.3
585,adventurousness,1.8
586,adversarial,-1.5
587,adversaries,-1.0
588,adversary,-0.8
589,adversative,-1.2
590,adversatively,-0.1
591,adversatives,-1.0
592,adverse,-1.5
593,adversely,-0.8
594,adverseness,-0.6
595,adversities,-1.5
596,adversity,-1.8
597,affected,-0.6
598,affection,2.4
599,affectional,1.9
600,affectionally,1.5
601,affectionate,1.9
602,affectionately,2.2
603,affectioned,1.8
604,affectionless,-2.0
605,affections,1.5
606,afflicted,-1.5
607,affronted,0.2
608,aggravate,-2.5
609,aggravated,-1.9
610,aggravates,-1.9
611,aggravating,-1.2
612,aggress,-1.3
613,aggressed,-1.4
614,aggresses,-0.5
615,aggressing,-0.6
616,aggression,-1.2
617,aggressions,-1.3
618,aggressive,-0.6
619,aggressively,-1.3
620,aggressiveness,-1.8
621,aggressivities,-1.4
622,aggressivity,-0.6
623,aggressor,-0.8
624,aggressors,-0.9
625,aghast,-1.9
626,agitate,-2.0
627,agitated,-2.0
628,agitatedly,-1.6
629,agitates,-1.4
630,agitating,-1.8
631,agitation,-1.0
632,agitational,-1.2
633,agitations,-1.3
634,agitative,-1.3
635,agitato,-0.1
636,agitator,-1.4
637,agitators,-2.1
638,agog,1.9
639,agonise,-2.1
640,agonised,-2.3
641,agonises,-2.4
642,agonising,-1.5
643,agonize,-2.3
644,agonized,-2.2
645,agonizes,-2.3
646,agonizing,-2.7
647,agonizingly,-2.3
648,agony,-1.8
649,agree,1.5
650,agreeability,1.9
651,agreeable,1.8
652,agreeableness,1.8
653,agreeablenesses,1.3
654,agreeably,1.6
655,agreed,1.1
656,agreeing,1.4
657,agreement,3.0
658,agreements,1.1
659,agrees,0.8
660,alarm,-1.4
661,alarmed,-1.4
662,alarming,-0.5
663,alarmingly,-2.6
664,alarmism,-0.3
665,alarmists,-1.1
666,alarms,-1.1
667,alas,-1.1
668,alert,1.2
669,alienation,-1.1
670,alive,1.6
671,allergic,-1.2
672,allow,0.9
673,alone,-1.0
674,alright,1.0
675,amaze,2.5
676,amazed,2.2
677,amazedly,2.1
678,amazement,2.5
679,amazements,2.2
680,amazes,2.2
681,amazing,2.8
682,amazon,0.7
683,amazonite,0.2
684,amazons,-0.1
685,amazonstone,1.0
686,amazonstones,0.2
687,ambitious,2.1
688,ambivalent,0.5
689,amor,3.0
690,amoral,-1.6
691,amoralism,-0.7
692,amoralisms,-0.7
693,amoralities,-1.2
694,amorality,-1.5
695,amorally,-1.0
696,amoretti,0.2
697,amoretto,0.6
698,amorettos,0.3
699,amorino,1.2
700,amorist,1.6
701,amoristic,1.0
702,amorists,0.1
703,amoroso,2.3
704,amorous,1.8
705,amorously,2.3
706,amorousness,2.0
707,amorphous,-0.2
708,amorphously,0.1
709,amorphousness,0.3
710,amort,-2.1
711,amortise,0.5
712,amortised,-0.2
713,amortises,0.1
714,amortizable,0.5
715,amortization,0.6
716,amortizations,0.2
717,amortize,-0.1
718,amortized,0.8
719,amortizes,0.6
720,amortizing,0.8
721,amusable,0.7
722,amuse,1.7
723,amused,1.8
724,amusedly,2.2
725,amusement,1.5
726,amusements,1.5
727,amuser,1.1
728,amusers,1.3
729,amuses,1.7
730,amusia,0.3
731,amusias,-0.4
732,amusing,1.6
733,amusingly,0.8
734,amusingness,1.8
735,amusive,1.7
736,anger,-2.7
737,angered,-2.3
738,angering,-2.2
739,angerly,-1.9
740,angers,-2.3
741,angrier,-2.3
742,angriest,-3.1
743,angrily,-1.8
744,angriness,-1.7
745,angry,-2.3
746,anguish,-2.9
747,anguished,-1.8
748,anguishes,-2.1
749,anguishing,-2.7
750,animosity,-1.9
751,annoy,-1.9
752,annoyance,-1.3
753,annoyances,-1.8
754,annoyed,-1.6
755,annoyer,-2.2
756,annoyers,-1.5
757,annoying,-1.7
758,annoys,-1.8
759,antagonism,-1.9
760,antagonisms,-1.2
761,antagonist,-1.9
762,antagonistic,-1.7
763,antagonistically,-2.2
764,antagonists,-1.7
765,antagonize,-2.0
766,antagonized,-1.4
767,antagonizes,-0.5
768,antagonizing,-2.7
769,anti,-1.3
770,anticipation,0.4
771,anxieties,-0.6
772,anxiety,-0.7
773,anxious,-1.0
774,anxiously,-0.9
775,anxiousness,-1.0
776,aok,2.0
777,apathetic,-1.2
778,apathetically,-0.4
779,apathies,-0.6
780,apathy,-1.2
781,apeshit,-0.9
782,apocalyptic,-3.4
783,apologise,1.6
784,apologised,0.4
785,apologises,0.8
786,apologising,0.2
787,apologize,0.4
788,apologized,1.3
789,apologizes,1.5
790,apologizing,-0.3
791,apology,0.2
792,appall,-2.4
793,appalled,-2.0
794,appalling,-1.5
795,appallingly,-2.0
796,appalls,-1.9
797,appease,1.1
798,appeased,0.9
799,appeases,0.9
800,appeasing,1.0
801,applaud,2.0
802,applauded,1.5
803,applauding,2.1
804,applauds,1.4
805,applause,1.8
806,appreciate,1.7
807,appreciated,2.3
808,appreciates,2.3
809,appreciating,1.9
810,appreciation,2.3
811,appreciations,1.7
812,appreciative,2.6
813,appreciatively,1.8
814,appreciativeness,1.6
815,appreciator,2.6
816,appreciators,1.5
817,appreciatory,1.7
818,apprehensible,1.1
819,apprehensibly,-0.2
820,apprehension,-2.1
821,apprehensions,-0.9
822,apprehensively,-0.3
823,apprehensiveness,-0.7
824,approval,2.1
825,approved,1.8
826,approves,1.7
827,ardent,2.1
828,arguable,-1.0
829,arguably,-1.0
830,argue,-1.4
831,argued,-1.5
832,arguer,-1.6
833,arguers,-1.4
834,argues,-1.6
835,arguing,-2.0
836,argument,-1.5
837,argumentative,-1.5
838,argumentatively,-1.8
839,argumentive,-1.5
840,arguments,-1.7
841,arrest,-1.4
842,arrested,-2.1
843,arrests,-1.9
844,arrogance,-2.4
845,arrogances,-1.9
846,arrogant,-2.2
847,arrogantly,-1.8
848,ashamed,-2.1
849,ashamedly,-1.7
850,ass,-2.5
851,assassination,-2.9
852,assassinations,-2.7
853,assault,-2.8
854,assaulted,-2.4
855,assaulting,-2.3
856,assaultive,-2.8
857,assaults,-2.5
858,asset,1.5
859,assets,0.7
860,assfucking,-2.5
861,assholes,-2.8
862,assurance,1.4
863,assurances,1.4
864,assure,1.4
865,assured,1.5
866,assuredly,1.6
867,assuredness,1.4
868,assurer,0.9
869,assurers,1.1
870,assures,1.3
871,assurgent,1.3
872,assuring,1.6
873,assuror,0.5
874,assurors,0.7
875,astonished,1.6
876,astound,1.7
877,astounded,1.8
878,astounding,1.8
879,astoundingly,2.1
880,astounds,2.1
881,attachment,1.2
882,attachments,1.1
883,attack,-2.1
884,attacked,-2.0
885,attacker,-2.7
886,attackers,-2.7
887,attacking,-2.0
888,attacks,-1.9
889,attract,1.5
890,attractancy,0.9
891,attractant,1.3
892,attractants,1.4
893,attracted,1.8
894,attracting,2.1
895,attraction,2.0
896,attractions,1.8
897,attractive,1.9
898,attractively,2.2
899,attractiveness,1.8
900,attractivenesses,2.1
901,attractor,1.2
902,attractors,1.2
903,attracts,1.7
904,audacious,0.9
905,authority,0.0
906,aversion,-1.9
907,aversions,-1.1
908,aversive,-1.6
909,aversively,-0.8
910,avert,-0.7
911,averted,-0.3
912,averts,-0.4
913,avid,1.2
914,avoid,-1.2
915,avoidance,-1.7
916,avoidances,-1.1
917,avoided,-1.4
918,avoider,-1.8
919,avoiders,-1.4
920,avoiding,-1.4
921,avoids,-0.7
922,await,0.4
923,awaited,-0.1
924,awaits,0.3
925,award,2.5
926,awardable,2.4
927,awarded,1.7
928,awardee,1.8
929,awardees,1.2
930,awarder,0.9
931,awarders,1.3
932,awarding,1.9
933,awards,2.0
934,awesome,3.1
935,awful,-2.0
936,awkward,-0.6
937,awkwardly,-1.3
938,awkwardness,-0.7
939,axe,-0.4
940,axed,-1.3
941,backed,0.1
942,backing,0.1
943,backs,-0.2
944,bad,-2.5
945,badass,1.4
946,badly,-2.1
947,bailout,-0.4
948,bamboozle,-1.5
949,bamboozled,-1.5
950,bamboozles,-1.5
951,ban,-2.6
952,banish,-1.9
953,bankrupt,-2.6
954,bankster,-2.1
955,banned,-2.0
956,bargain,0.8
957,barrier,-0.5
958,bashful,-0.1
959,bashfully,0.2
960,bashfulness,-0.8
961,bastard,-2.5
962,bastardies,-1.8
963,bastardise,-2.1
964,bastardised,-2.3
965,bastardises,-2.3
966,bastardising,-2.6
967,bastardization,-2.4
968,bastardizations,-2.1
969,bastardize,-2.4
970,bastardized,-2.0
971,bastardizes,-1.8
972,bastardizing,-2.3
973,bastardly,-2.7
974,bastards,-3.0
975,bastardy,-2.7
976,battle,-1.6
977,battled,-1.2
978,battlefield,-1.6
979,battlefields,-0.9
980,battlefront,-1.2
981,battlefronts,-0.8
982,battleground,-1.7
983,battlegrounds,-0.6
984,battlement,-0.4
985,battlements,-0.4
986,battler,-0.8
987,battlers,-0.2
988,battles,-1.6
989,battleship,-0.1
990,battleships,-0.5
991,battlewagon,-0.3
992,battlewagons,-0.5
993,battling,-1.1
994,beaten,-1.8
995,beatific,1.8
996,beating,-2.0
997,beaut,1.6
998,beauteous,2.5
999,beauteously,2.6
1000,beauteousness,2.7
1001,beautician,1.2
1002,beauticians,0.4
1003,beauties,2.4
1004,beautification,1.9
1005,beautifications,2.4
1006,beautified,2.1
1007,beautifier,1.7
1008,beautifiers,1.7
1009,beautifies,1.8
1010,beautiful,2.9
1011,beautifuler,2.1
1012,beautifulest,2.6
1013,beautifully,2.7
1014,beautifulness,2.6
1015,beautify,2.3
1016,beautifying,2.3
1017,beauts,1.7
1018,beauty,2.8
1019,belittle,-1.9
1020,belittled,-2.0
1021,beloved,2.3
1022,benefic,1.4
1023,benefice,0.4
1024,beneficed,1.1
1025,beneficence,2.8
1026,beneficences,1.5
1027,beneficent,2.3
1028,beneficently,2.2
1029,benefices,1.1
1030,beneficial,1.9
1031,beneficially,2.4
1032,beneficialness,1.7
1033,beneficiaries,1.8
1034,beneficiary,2.1
1035,beneficiate,1.0
1036,beneficiation,0.4
1037,benefit,2.0
1038,benefits,1.6
1039,benefitted,1.7
1040,benefitting,1.9
1041,benevolence,1.7
1042,benevolences,1.9
1043,benevolent,2.7
1044,benevolently,1.4
1045,benevolentness,1.2
1046,benign,1.3
1047,benignancy,0.6
1048,benignant,2.2
1049,benignantly,1.1
1050,benignities,0.9
1051,benignity,1.3
1052,benignly,0.2
1053,bereave,-2.1
1054,bereaved,-2.1
1055,bereaves,-1.9
1056,bereaving,-1.3
1057,best,3.2
1058,betray,-3.2
1059,betrayal,-2.8
1060,betrayed,-3.0
1061,betraying,-2.5
1062,betrays,-2.5
1063,better,1.9
1064,bias,-0.4
1065,biased,-1.1
1066,bitch,-2.8
1067,bitched,-2.6
1068,bitcheries,-2.3
1069,bitchery,-2.7
1070,bitches,-2.9
1071,bitchier,-2.0
1072,bitchiest,-3.0
1073,bitchily,-2.6
1074,bitchiness,-2.6
1075,bitching,-1.1
1076,bitchy,-2.3
1077,bitter,-1.8
1078,bitterbrush,-0.2
1079,bitterbrushes,-0.6
1080,bittered,-1.8
1081,bitterer,-1.9
1082,bitterest,-2.3
1083,bittering,-1.2
1084,bitterish,-1.6
1085,bitterly,-2.0
1086,bittern,-0.2
1087,bitterness,-1.7
1088,bitterns,-0.4
1089,bitterroots,-0.2
1090,bitters,-0.4
1091,bittersweet,-0.3
1092,bittersweetness,-0.6
1093,bittersweets,-0.2
1094,bitterweeds,-0.5
1095,bizarre,-1.3
1096,blah,-0.4
1097,blam,-0.2
1098,blamable,-1.8
1099,blamably,-1.8
1100,blame,-1.4
1101,blamed,-2.1
1102,blameful,-1.7
1103,blamefully,-1.6
1104,blameless,0.7
1105,blamelessly,0.9
1106,blamelessness,0.6
1107,blamer,-2.1
1108,blamers,-2.0
1109,blames,-1.7
1110,blameworthiness,-1.6
1111,blameworthy,-2.3
1112,blaming,-2.2
1113,bless,1.8
1114,blessed,2.9
1115,blesseder,2.0
1116,blessedest,2.8
1117,blessedly,1.7
1118,blessedness,1.6
1119,blesser,2.6
1120,blessers,1.9
1121,blesses,2.6
1122,blessing,2.2
1123,blessings,2.5
1124,blind,-1.7
1125,bliss,2.7
1126,blissful,2.9
1127,blithe,1.2
1128,block,-1.9
1129,blockbuster,2.9
1130,blocked,-1.1
1131,blocking,-1.6
1132,blocks,-0.9
1133,bloody,-1.9
1134,blurry,-0.4
1135,bold,1.6
1136,bolder,1.2
1137,boldest,1.6
1138,boldface,0.3
1139,boldfaced,-0.1
1140,boldfaces,0.1
1141,boldfacing,0.1
1142,boldly,1.5
1143,boldness,1.5
1144,boldnesses,0.9
1145,bolds,1.3
1146,bomb,-2.2
1147,bonus,2.5
1148,bonuses,2.6
1149,boost,1.7
1150,boosted,1.5
1151,boosting,1.4
1152,boosts,1.3
1153,bore,-1.0
1154,boreal,-0.3
1155,borecole,-0.2
1156,borecoles,-0.3
1157,bored,-1.1
1158,boredom,-1.3
1159,boredoms,-1.1
1160,boreen,0.1
1161,boreens,0.2
1162,boreholes,-0.2
1163,borer,-0.4
1164,borers,-1.2
1165,bores,-1.3
1166,borescopes,-0.1
1167,boresome,-1.3
1168,boring,-1.3
1169,bother,-1.4
1170,botheration,-1.7
1171,botherations,-1.3
1172,bothered,-1.3
1173,bothering,-1.6
1174,bothers,-0.8
1175,bothersome,-1.3
1176,boycott,-1.3
1177,boycotted,-1.7
1178,boycotting,-1.7
1179,boycotts,-1.4
1180,brainwashing,-1.5
1181,brave,2.4
1182,braved,1.9
1183,bravely,2.3
1184,braver,2.4
1185,braveries,2.0
1186,bravery,2.2
1187,braves,1.9
1188,bravest,2.3
1189,breathtaking,2.0
1190,bribe,-0.8
1191,bright,1.9
1192,brighten,1.9
1193,brightened,2.1
1194,brightener,1.0
1195,brighteners,1.0
1196,brightening,2.5
1197,brightens,1.5
1198,brighter,1.6
1199,brightest,3.0
1200,brightly,1.5
1201,brightness,1.6
1202,brightnesses,1.4
1203,brights,0.4
1204,brightwork,1.1
1205,brilliance,2.9
1206,brilliances,2.9
1207,brilliancies,2.3
1208,brilliancy,2.6
1209,brilliant,2.8
1210,brilliantine,0.8
1211,brilliantines,2.0
1212,brilliantly,3.0
1213,brilliants,1.9
1214,brisk,0.6
1215,broke,-1.8
1216,broken,-2.1
1217,brooding,0.1
1218,brutal,-3.1
1219,brutalise,-2.7
1220,brutalised,-2.9
1221,brutalises,-3.2
1222,brutalising,-2.8
1223,brutalities,-2.6
1224,brutality,-3.0
1225,brutalization,-2.1
1226,brutalizations,-2.3
1227,brutalize,-2.9
1228,brutalized,-2.4
1229,brutalizes,-3.2
1230,brutalizing,-3.4
1231,brutally,-3.0
1232,bullied,-3.1
1233,bullshit,-2.8
1234,bully,-2.2
1235,bullying,-2.9
1236,bummer,-1.6
1237,buoyant,0.9
1238,burden,-1.9
1239,burdened,-1.7
1240,burdener,-1.3
1241,burdeners,-1.7
1242,burdening,-1.4
1243,burdens,-1.5
1244,burdensome,-1.8
1245,bwahaha,0.4
1246,bwahahah,2.5
1247,calm,1.3
1248,calmative,1.1
1249,calmatives,0.5
1250,calmed,1.6
1251,calmer,1.5
1252,calmest,1.6
1253,calming,1.7
1254,calmly,1.3
1255,calmness,1.7
1256,calmnesses,1.6
1257,calmodulin,0.2
1258,calms,1.3
1259,can't stand,-2.0
1260,cancel,-1.0
1261,cancelled,-1.0
1262,cancelling,-0.8
1263,cancels,-0.9
1264,cancer,-3.4
1265,capable,1.6
1266,captivated,1.6
1267,care,2.2
1268,cared,1.8
1269,carefree,1.7
1270,careful,0.6
1271,carefully,0.5
1272,carefulness,2.0
1273,careless,-1.5
1274,carelessly,-1.0
1275,carelessness,-1.4
1276,carelessnesses,-1.6
1277,cares,2.0
1278,caring,2.2
1279,casual,0.8
1280,casually,0.7
1281,casualty,-2.4
1282,catastrophe,-3.4
1283,catastrophic,-2.2
1284,cautious,-0.4
1285,celebrate,2.7
1286,celebrated,2.7
1287,celebrates,2.7
1288,celebrating,2.7
1289,censor,-2.0
1290,censored,-0.6
1291,censors,-1.2
1292,certain,0.0
1293,certainly,1.4
1294,certainties,0.9
1295,certainty,1.0
1296,chagrin,-1.9
1297,chagrined,-1.4
1298,challenge,0.3
1299,challenged,-0.4
1300,challenger,0.5
1301,challengers,0.4
1302,challenges,0.3
1303,challenging,0.6
1304,challengingly,-0.6
1305,champ,2.1
1306,champac,-0.2
1307,champagne,1.2
1308,champagnes,0.5
1309,champaign,0.2
1310,champaigns,0.5
1311,champaks,-0.2
1312,champed,1.0
1313,champer,-0.1
1314,champers,0.5
1315,champerties,-0.1
1316,champertous,0.3
1317,champerty,-0.2
1318,champignon,0.4
1319,champignons,0.2
1320,champing,0.7
1321,champion,2.9
1322,championed,1.2
1323,championing,1.8
1324,champions,2.4
1325,championship,1.9
1326,championships,2.2
1327,champs,1.8
1328,champy,1.0
1329,chance,1.0
1330,chances,0.8
1331,chaos,-2.7
1332,chaotic,-2.2
1333,charged,-0.8
1334,charges,-1.1
1335,charitable,1.7
1336,charitableness,1.9
1337,charitablenesses,1.6
1338,charitably,1.4
1339,charities,2.2
1340,charity,1.8
1341,charm,1.7
1342,charmed,2.0
1343,charmer,1.9
1344,charmers,2.1
1345,charmeuse,0.3
1346,charmeuses,0.4
1347,charming,2.8
1348,charminger,1.5
1349,charmingest,2.4
1350,charmingly,2.2
1351,charmless,-1.8
1352,charms,1.9
1353,chastise,-2.5
1354,chastised,-2.2
1355,chastises,-1.7
1356,chastising,-1.7
1357,cheat,-2.0
1358,cheated,-2.3
1359,cheater,-2.5
1360,cheaters,-1.9
1361,cheating,-2.6
1362,cheats,-1.8
1363,cheer,2.3
1364,cheered,2.3
1365,cheerer,1.7
1366,cheerers,1.8
1367,cheerful,2.5
1368,cheerfuller,1.9
1369,cheerfullest,3.2
1370,cheerfully,2.1
1371,cheerfulness,2.1
1372,cheerier,2.6
1373,cheeriest,2.2
1374,cheerily,2.5
1375,cheeriness,2.5
1376,cheering,2.3
1377,cheerio,1.2
1378,cheerlead,1.7
1379,cheerleader,0.9
1380,cheerleaders,1.2
1381,cheerleading,1.2
1382,cheerleads,1.2
1383,cheerled,1.5
1384,cheerless,-1.7
1385,cheerlessly,-0.8
1386,cheerlessness,-1.7
1387,cheerly,2.4
1388,cheers,2.1
1389,cheery,2.6
1390,cherish,1.6
1391,cherishable,2.0
1392,cherished,2.3
1393,cherisher,2.2
1394,cherishers,1.9
1395,cherishes,2.2
1396,cherishing,2.0
1397,chic,1.1
1398,childish,-1.2
1399,chilling,-0.1
1400,choke,-2.5
1401,choked,-2.1
1402,chokes,-2.0
1403,choking,-2.0
1404,chuckle,1.7
1405,chuckled,1.2
1406,chucklehead,-1.9
1407,chuckleheaded,-1.3
1408,chuckleheads,-1.1
1409,chuckler,0.8
1410,chucklers,1.2
1411,chuckles,1.1
1412,chucklesome,1.1
1413,chuckling,1.4
1414,chucklingly,1.2
1415,clarifies,0.9
1416,clarity,1.7
1417,classy,1.9
1418,clean,1.7
1419,cleaner,0.7
1420,clear,1.6
1421,cleared,0.4
1422,clearly,1.7
1423,clears,0.3
1424,clever,2.0
1425,cleverer,2.0
1426,cleverest,2.6
1427,cleverish,1.0
1428,cleverly,2.3
1429,cleverness,2.3
1430,clevernesses,1.4
1431,clouded,-0.2
1432,clueless,-1.5
1433,cock,-0.6
1434,cocksucker,-3.1
1435,cocksuckers,-2.6
1436,cocky,-0.5
1437,coerced,-1.5
1438,collapse,-2.2
1439,collapsed,-1.1
1440,collapses,-1.2
1441,collapsing,-1.2
1442,collide,-0.3
1443,collides,-1.1
1444,colliding,-0.5
1445,collision,-1.5
1446,collisions,-1.1
1447,colluding,-1.2
1448,combat,-1.4
1449,combats,-0.8
1450,comedian,1.6
1451,comedians,1.2
1452,comedic,1.7
1453,comedically,2.1
1454,comedienne,0.6
1455,comediennes,1.6
1456,comedies,1.7
1457,comedo,0.3
1458,comedones,-0.8
1459,comedown,-0.8
1460,comedowns,-0.9
1461,comedy,1.5
1462,comfort,1.5
1463,comfortable,2.3
1464,comfortableness,1.3
1465,comfortably,1.8
1466,comforted,1.8
1467,comforter,1.9
1468,comforters,1.2
1469,comforting,1.7
1470,comfortingly,1.7
1471,comfortless,-1.8
1472,comforts,2.1
1473,commend,1.9
1474,commended,1.9
1475,commit,1.2
1476,commitment,1.6
1477,commitments,0.5
1478,commits,0.1
1479,committed,1.1
1480,committing,0.3
1481,compassion,2.0
1482,compassionate,2.2
1483,compassionated,1.6
1484,compassionately,1.7
1485,compassionateness,0.9
1486,compassionates,1.6
1487,compassionating,1.6
1488,compassionless,-2.6
1489,compelled,0.2
1490,compelling,0.9
1491,competent,1.3
1492,competitive,0.7
1493,complacent,-0.3
1494,complain,-1.5
1495,complainant,-0.7
1496,complainants,-1.1
1497,complained,-1.7
1498,complainer,-1.8
1499,complainers,-1.3
1500,complaining,-0.8
1501,complainingly,-1.7
1502,complains,-1.6
1503,complaint,-2.0
1504,complaints,-2.0
1505,compliment,2.1
1506,complimentarily,1.7
1507,complimentary,1.9
1508,complimented,1.8
1509,complimenting,2.3
1510,compliments,1.7
1511,comprehensive,1.0
1512,conciliate,1.0
1513,conciliated,1.1
1514,conciliates,1.1
1515,conciliating,1.3
1516,condemn,-1.6
1517,condemnation,-2.8
1518,condemned,-1.9
1519,condemns,-2.3
1520,confidence,2.3
1521,confident,2.2
1522,confidently,2.1
1523,conflict,-1.3
1524,conflicting,-1.7
1525,conflictive,-1.8
1526,conflicts,-1.6
1527,confront,-0.7
1528,confrontation,-1.3
1529,confrontational,-1.6
1530,confrontationist,-1.0
1531,confrontationists,-1.2
1532,confrontations,-1.5
1533,confronted,-0.8
1534,confronter,-0.3
1535,confronters,-1.3
1536,confronting,-0.6
1537,confronts,-0.9
1538,confuse,-0.9
1539,confused,-1.3
1540,confusedly,-0.6
1541,confusedness,-1.5
1542,confuses,-1.3
1543,confusing,-0.9
1544,confusingly,-1.4
1545,confusion,-1.2
1546,confusional,-1.2
1547,confusions,-0.9
1548,congrats,2.4
1549,congratulate,2.2
1550,congratulation,2.9
1551,congratulations,2.9
1552,consent,0.9
1553,consents,1.0
1554,considerate,1.9
1555,consolable,1.1
1556,conspiracy,-2.4
1557,constrained,-0.4
1558,contagion,-2.0
1559,contagions,-1.5
1560,contagious,-1.4
1561,contempt,-2.8
1562,contemptibilities,-2.0
1563,contemptibility,-0.9
1564,contemptible,-1.6
1565,contemptibleness,-1.9
1566,contemptibly,-1.4
1567,contempts,-1.0
1568,contemptuous,-2.2
1569,contemptuously,-2.4
1570,contemptuousness,-1.1
1571,contend,0.2
1572,contender,0.5
1573,contented,1.4
1574,contentedly,1.9
1575,contentedness,1.4
1576,contentious,-1.2
1577,contentment,1.5
1578,contestable,0.6
1579,contradict,-1.3
1580,contradictable,-1.0
1581,contradicted,-1.3
1582,contradicting,-1.3
1583,contradiction,-1.0
1584,contradictions,-1.3
1585,contradictious,-1.9
1586,contradictor,-1.0
1587,contradictories,-0.5
1588,contradictorily,-0.9
1589,contradictoriness,-1.4
1590,contradictors,-1.6
1591,contradictory,-1.4
1592,contradicts,-1.4
1593,controversial,-0.8
1594,controversially,-1.1
1595,convince,1.0
1596,convinced,1.7
1597,convincer,0.6
1598,convincers,0.3
1599,convinces,0.7
1600,convincing,1.7
1601,convincingly,1.6
1602,convincingness,0.7
1603,convivial,1.2
1604,cool,1.3
1605,cornered,-1.1
1606,corpse,-2.7
1607,costly,-0.4
1608,courage,2.2
1609,courageous,2.4
1610,courageously,2.3
1611,courageousness,2.1
1612,courteous,2.3
1613,courtesy,1.5
1614,cover-up,-1.2
1615,coward,-2.0
1616,cowardly,-1.6
1617,coziness,1.5
1618,cramp,-0.8
1619,crap,-1.6
1620,crappy,-2.6
1621,crash,-1.7
1622,craze,-0.6
1623,crazed,-0.5
1624,crazes,0.2
1625,crazier,-0.1
1626,craziest,-0.2
1627,crazily,-1.5
1628,craziness,-1.6
1629,crazinesses,-1.0
1630,crazing,-0.5
1631,crazy,-1.4
1632,crazyweed,0.8
1633,create,1.1
1634,created,1.0
1635,creates,1.1
1636,creatin,0.1
1637,creatine,0.2
1638,creating,1.2
1639,creatinine,0.4
1640,creation,1.1
1641,creationism,0.7
1642,creationisms,1.1
1643,creationist,0.8
1644,creationists,0.5
1645,creations,1.6
1646,creative,1.9
1647,creatively,1.5
1648,creativeness,1.8
1649,creativities,1.7
1650,creativity,1.6
1651,credit,1.6
1652,creditabilities,1.4
1653,creditability,1.9
1654,creditable,1.8
1655,creditableness,1.2
1656,creditably,1.7
1657,credited,1.5
1658,crediting,0.6
1659,creditor,-0.1
1660,credits,1.5
1661,creditworthiness,1.9
1662,creditworthy,2.4
1663,crestfallen,-2.5
1664,cried,-1.6
1665,cries,-1.7
1666,crime,-2.5
1667,criminal,-2.4
1668,criminals,-2.7
1669,crisis,-3.1
1670,critic,-1.1
1671,critical,-1.3
1672,criticise,-1.9
1673,criticised,-1.8
1674,criticises,-1.3
1675,criticising,-1.7
1676,criticism,-1.9
1677,criticisms,-0.9
1678,criticizable,-1.0
1679,criticize,-1.6
1680,criticized,-1.5
1681,criticizer,-1.5
1682,criticizers,-1.6
1683,criticizes,-1.4
1684,criticizing,-1.5
1685,critics,-1.2
1686,crude,-2.7
1687,crudely,-1.2
1688,crudeness,-2.0
1689,crudenesses,-2.0
1690,cruder,-2.0
1691,crudes,-1.1
1692,crudest,-2.4
1693,cruel,-2.8
1694,crueler,-2.3
1695,cruelest,-2.6
1696,crueller,-2.4
1697,cruellest,-2.9
1698,cruelly,-2.8
1699,cruelness,-2.9
1700,cruelties,-2.3
1701,cruelty,-2.9
1702,crush,-0.6
1703,crushed,-1.8
1704,crushes,-1.9
1705,crushing,-1.5
1706,cry,-2.1
1707,crying,-2.1
1708,cunt,-2.2
1709,cunts,-2.9
1710,curious,1.3
1711,curse,-2.5
1712,cut,-1.1
1713,cute,2.0
1714,cutely,1.3
1715,cuteness,2.3
1716,cutenesses,1.9
1717,cuter,2.3
1718,cutes,1.8
1719,cutesie,1.0
1720,cutesier,1.5
1721,cutesiest,2.2
1722,cutest,2.8
1723,cutesy,2.1
1724,cutey,2.1
1725,cuteys,1.5
1726,cutie,1.5
1727,cutiepie,2.0
1728,cuties,2.2
1729,cuts,-1.2
1730,cutting,-0.5
1731,cynic,-1.4
1732,cynical,-1.6
1733,cynically,-1.3
1734,cynicism,-1.7
1735,cynicisms,-1.7
1736,cynics,-0.3
1737,d-:,1.6
1738,damage,-2.2
1739,damaged,-1.9
1740,damager,-1.9
1741,damagers,-2.0
1742,damages,-1.9
1743,damaging,-2.3
1744,damagingly,-2.0
1745,damn,-1.7
1746,damnable,-1.7
1747,damnableness,-1.8
1748,damnably,-1.7
1749,damnation,-2.6
1750,damnations,-1.4
1751,damnatory,-2.6
1752,damned,-1.6
1753,damnedest,-0.5
1754,damnified,-2.8
1755,damnifies,-1.8
1756,damnify,-2.2
1757,damnifying,-2.4
1758,damning,-1.4
1759,damningly,-2.0
1760,damnit,-2.4
1761,damns,-2.2
1762,danger,-2.4
1763,dangered,-2.4
1764,dangering,-2.5
1765,dangerous,-2.1
1766,dangerously,-2.0
1767,dangerousness,-2.0
1768,dangers,-2.2
1769,daredevil,0.5
1770,daring,1.5
1771,daringly,2.1
1772,daringness,1.4
1773,darings,0.4
1774,darkest,-2.2
1775,darkness,-1.0
1776,darling,2.8
1777,darlingly,1.6
1778,darlingness,2.3
1779,darlings,2.2
1780,dauntless,2.3
1781,daze,-0.7
1782,dazed,-0.7
1783,dazedly,-0.4
1784,dazedness,-0.5
1785,dazes,-0.3
1786,dead,-3.3
1787,deadlock,-1.4
1788,deafening,-1.2
1789,dear,1.6
1790,dearer,1.9
1791,dearest,2.6
1792,dearie,2.2
1793,dearies,1.0
1794,dearly,1.8
1795,dearness,2.0
1796,dears,1.9
1797,dearth,-2.3
1798,dearths,-0.9
1799,deary,1.9
1800,death,-2.9
1801,debonair,0.8
1802,debt,-1.5
1803,decay,-1.7
1804,decayed,-1.6
1805,decayer,-1.6
1806,decayers,-1.6
1807,decaying,-1.7
1808,decays,-1.7
1809,deceit,-2.0
1810,deceitful,-1.9
1811,deceive,-1.7
1812,deceived,-1.9
1813,deceives,-1.6
1814,deceiving,-1.4
1815,deception,-1.9
1816,decisive,0.9
1817,dedicated,2.0
1818,defeat,-2.0
1819,defeated,-2.1
1820,defeater,-1.4
1821,defeaters,-0.9
1822,defeating,-1.6
1823,defeatism,-1.3
1824,defeatist,-1.7
1825,defeatists,-2.1
1826,defeats,-1.3
1827,defeature,-1.9
1828,defeatures,-1.5
1829,defect,-1.4
1830,defected,-1.7
1831,defecting,-1.8
1832,defection,-1.4
1833,defections,-1.5
1834,defective,-1.9
1835,defectively,-2.1
1836,defectiveness,-1.8
1837,defectives,-1.8
1838,defector,-1.9
1839,defectors,-1.3
1840,defects,-1.7
1841,defence,0.4
1842,defenceman,0.4
1843,defencemen,0.6
1844,defences,-0.2
1845,defender,0.4
1846,defenders,0.3
1847,defense,0.5
1848,defenseless,-1.4
1849,defenselessly,-1.1
1850,defenselessness,-1.3
1851,defenseman,0.1
1852,defensemen,-0.4
1853,defenses,0.7
1854,defensibility,0.4
1855,defensible,0.8
1856,defensibly,0.1
1857,defensive,0.1
1858,defensively,-0.6
1859,defensiveness,-0.4
1860,defensives,-0.3
1861,defer,-1.2
1862,deferring,-0.7
1863,defiant,-0.9
1864,deficit,-1.7
1865,definite,1.1
1866,definitely,1.7
1867,degradable,-1.0
1868,degradation,-2.4
1869,degradations,-1.5
1870,degradative,-2.0
1871,degrade,-1.9
1872,degraded,-1.8
1873,degrader,-2.0
1874,degraders,-2.0
1875,degrades,-2.1
1876,degrading,-2.8
1877,degradingly,-2.7
1878,dehumanize,-1.8
1879,dehumanized,-1.9
1880,dehumanizes,-1.5
1881,dehumanizing,-2.4
1882,deject,-2.2
1883,dejected,-2.2
1884,dejecting,-2.3
1885,dejects,-2.0
1886,delay,-1.3
1887,delayed,-0.9
1888,delectable,2.9
1889,delectables,1.4
1890,delectably,2.8
1891,delicate,0.2
1892,delicately,1.0
1893,delicates,0.6
1894,delicatessen,0.4
1895,delicatessens,0.4
1896,delicious,2.7
1897,deliciously,1.9
1898,deliciousness,1.8
1899,delight,2.9
1900,delighted,2.3
1901,delightedly,2.4
1902,delightedness,2.1
1903,delighter,2.0
1904,delighters,2.6
1905,delightful,2.8
1906,delightfully,2.7
1907,delightfulness,2.1
1908,delighting,1.6
1909,delights,2.0
1910,delightsome,2.3
1911,demand,-0.5
1912,demanded,-0.9
1913,demanding,-0.9
1914,demonstration,0.4
1915,demoralized,-1.6
1916,denied,-1.9
1917,denier,-1.5
1918,deniers,-1.1
1919,denies,-1.8
1920,denounce,-1.4
1921,denounces,-1.9
1922,deny,-1.4
1923,denying,-1.4
1924,depress,-2.2
1925,depressant,-1.6
1926,depressants,-1.6
1927,depressed,-2.3
1928,depresses,-2.2
1929,depressible,-1.7
1930,depressing,-1.6
1931,depressingly,-2.3
1932,depression,-2.7
1933,depressions,-2.2
1934,depressive,-1.6
1935,depressively,-2.1
1936,depressives,-1.5
1937,depressor,-1.8
1938,depressors,-1.7
1939,depressurization,-0.3
1940,depressurizations,-0.4
1941,depressurize,-0.5
1942,depressurized,-0.3
1943,depressurizes,-0.3
1944,depressurizing,-0.7
1945,deprival,-2.1
1946,deprivals,-1.2
1947,deprivation,-1.8
1948,deprivations,-1.8
1949,deprive,-2.1
1950,deprived,-2.1
1951,depriver,-1.6
1952,deprivers,-1.4
1953,deprives,-1.7
1954,depriving,-2.0
1955,derail,-1.2
1956,derailed,-1.4
1957,derails,-1.3
1958,deride,-1.1
1959,derided,-0.8
1960,derides,-1.0
1961,deriding,-1.5
1962,derision,-1.2
1963,desirable,1.3
1964,desire,1.7
1965,desired,1.1
1966,desirous,1.3
1967,despair,-1.3
1968,despaired,-2.7
1969,despairer,-1.3
1970,despairers,-1.3
1971,despairing,-2.3
1972,despairingly,-2.2
1973,despairs,-2.7
1974,desperate,-1.3
1975,desperately,-1.6
1976,desperateness,-1.5
1977,desperation,-2.0
1978,desperations,-2.2
1979,despise,-1.4
1980,despised,-1.7
1981,despisement,-2.4
1982,despisements,-2.5
1983,despiser,-1.8
1984,despisers,-1.6
1985,despises,-2.0
1986,despising,-2.7
1987,despondent,-2.1
1988,destroy,-2.5
1989,destroyed,-2.2
1990,destroyer,-2.0
1991,destroyers,-2.3
1992,destroying,-2.6
1993,destroys,-2.6
1994,destruct,-2.4
1995,destructed,-1.9
1996,destructibility,-1.8
1997,destructible,-1.5
1998,destructing,-2.5
1999,destruction,-2.7
2000,destructionist,-2.6
2001,destructionists,-2.1
2002,destructions,-2.3
2003,destructive,-3.0
2004,destructively,-2.4
2005,destructiveness,-2.4
2006,destructivity,-2.2
2007,destructs,-2.4
2008,detached,-0.5
2009,detain,-1.8
2010,detained,-1.7
2011,detention,-1.5
2012,determinable,0.9
2013,determinableness,0.2
2014,determinably,0.9
2015,determinacy,1.0
2016,determinant,0.2
2017,determinantal,-0.3
2018,determinate,0.8
2019,determinately,1.2
2020,determinateness,1.1
2021,determination,1.7
2022,determinations,0.8
2023,determinative,1.1
2024,determinatives,0.9
2025,determinator,1.1
2026,determined,1.4
2027,devastate,-3.1
2028,devastated,-3.0
2029,devastates,-2.8
2030,devastating,-3.3
2031,devastatingly,-2.4
2032,devastation,-1.8
2033,devastations,-1.9
2034,devastative,-3.2
2035,devastator,-2.8
2036,devastators,-2.9
2037,devil,-3.4
2038,deviled,-1.6
2039,devilfish,-0.8
2040,devilfishes,-0.6
2041,deviling,-2.2
2042,devilish,-2.1
2043,devilishly,-1.6
2044,devilishness,-2.3
2045,devilkin,-2.4
2046,devilled,-2.3
2047,devilling,-1.8
2048,devilment,-1.9
2049,devilments,-1.1
2050,devilries,-1.6
2051,devilry,-2.8
2052,devils,-2.7
2053,deviltries,-1.5
2054,deviltry,-2.8
2055,devilwood,-0.8
2056,devilwoods,-1.0
2057,devote,1.4
2058,devoted,1.7
2059,devotedly,1.6
2060,devotedness,2.0
2061,devotee,1.6
2062,devotees,0.5
2063,devotement,1.5
2064,devotements,1.1
2065,devotes,1.6
2066,devoting,2.1
2067,devotion,2.0
2068,devotional,1.2
2069,devotionally,2.2
2070,devotionals,1.2
2071,devotions,1.8
2072,diamond,1.4
2073,dick,-2.3
2074,dickhead,-3.1
2075,die,-2.9
2076,died,-2.6
2077,difficult,-1.5
2078,difficulties,-1.2
2079,difficultly,-1.7
2080,difficulty,-1.4
2081,diffident,-1.0
2082,dignified,2.2
2083,dignifies,2.0
2084,dignify,1.8
2085,dignifying,2.1
2086,dignitaries,0.6
2087,dignitary,1.9
2088,dignities,1.4
2089,dignity,1.7
2090,dilemma,-0.7
2091,dipshit,-2.1
2092,dire,-2.0
2093,direful,-3.1
2094,dirt,-1.4
2095,dirtier,-1.4
2096,dirtiest,-2.4
2097,dirty,-1.9
2098,disabling,-2.1
2099,disadvantage,-1.8
2100,disadvantaged,-1.7
2101,disadvantageous,-1.8
2102,disadvantageously,-2.1
2103,disadvantageousness,-1.6
2104,disadvantages,-1.7
2105,disagree,-1.6
2106,disagreeable,-1.7
2107,disagreeableness,-1.7
2108,disagreeablenesses,-1.9
2109,disagreeably,-1.5
2110,disagreed,-1.3
2111,disagreeing,-1.4
2112,disagreement,-1.5
2113,disagreements,-1.8
2114,disagrees,-1.3
2115,disappear,-0.9
2116,disappeared,-0.9
2117,disappears,-1.4
2118,disappoint,-1.7
2119,disappointed,-2.1
2120,disappointedly,-1.7
2121,disappointing,-2.2
2122,disappointingly,-1.9
2123,disappointment,-2.3
2124,disappointments,-2.0
2125,disappoints,-1.6
2126,disaster,-3.1
2127,disasters,-2.6
2128,disastrous,-2.9
2129,disbelieve,-1.2
2130,discard,-1.0
2131,discarded,-1.4
2132,discarding,-0.7
2133,discards,-1.0
2134,discomfort,-1.8
2135,discomfortable,-1.6
2136,discomforted,-1.6
2137,discomforting,-1.6
2138,discomforts,-1.3
2139,disconsolate,-2.3
2140,disconsolation,-1.7
2141,discontented,-1.8
2142,discord,-1.7
2143,discounted,0.2
2144,discourage,-1.8
2145,discourageable,-1.2
2146,discouraged,-1.7
2147,discouragement,-2.0
2148,discouragements,-1.8
2149,discourager,-1.7
2150,discouragers,-1.9
2151,discourages,-1.9
2152,discouraging,-1.9
2153,discouragingly,-1.8
2154,discredited,-1.9
2155,disdain,-2.1
2156,disgrace,-2.2
2157,disgraced,-2.0
2158,disguise,-1.0
2159,disguised,-1.1
2160,disguises,-1.0
2161,disguising,-1.3
2162,disgust,-2.9
2163,disgusted,-2.4
2164,disgustedly,-3.0
2165,disgustful,-2.6
2166,disgusting,-2.4
2167,disgustingly,-2.9
2168,disgusts,-2.1
2169,dishearten,-2.0
2170,disheartened,-2.2
2171,disheartening,-1.8
2172,dishearteningly,-2.0
2173,disheartenment,-2.3
2174,disheartenments,-2.2
2175,disheartens,-2.2
2176,dishonest,-2.7
2177,disillusion,-1.0
2178,disillusioned,-1.9
2179,disillusioning,-1.3
2180,disillusionment,-1.7
2181,disillusionments,-1.5
2182,disillusions,-1.6
2183,disinclined,-1.1
2184,disjointed,-1.3
2185,dislike,-1.6
2186,disliked,-1.7
2187,dislikes,-1.7
2188,disliking,-1.3
2189,dismal,-3.0
2190,dismay,-1.8
2191,dismayed,-1.9
2192,dismaying,-2.2
2193,dismayingly,-1.9
2194,dismays,-1.8
2195,disorder,-1.7
2196,disorganized,-1.2
2197,disoriented,-1.5
2198,disparage,-2.0
2199,disparaged,-1.4
2200,disparages,-1.6
2201,disparaging,-2.2
2202,displeased,-1.9
2203,dispute,-1.7
2204,disputed,-1.4
2205,disputes,-1.1
2206,disputing,-1.7
2207,disqualified,-1.8
2208,disquiet,-1.3
2209,disregard,-2.2
2210,disregarded,-1.6
2211,disregarding,-0.9
2212,disregards,-1.4
2213,disrespect,-1.8
2214,disrespected,-2.0
2215,disruption,-1.5
2216,disruptions,-1.4
2217,disruptive,-1.3
2218,dissatisfaction,-2.2
2219,dissatisfactions,-1.9
2220,dissatisfactory,-2.0
2221,dissatisfied,-1.6
2222,dissatisfies,-1.8
2223,dissatisfy,-2.2
2224,dissatisfying,-2.4
2225,distort,-1.3
2226,distorted,-1.7
2227,distorting,-1.1
2228,distorts,-1.4
2229,distract,-1.2
2230,distractable,-1.3
2231,distracted,-1.4
2232,distractedly,-0.9
2233,distractibility,-1.3
2234,distractible,-1.5
2235,distracting,-1.2
2236,distractingly,-1.4
2237,distraction,-1.6
2238,distractions,-1.0
2239,distractive,-1.6
2240,distracts,-1.3
2241,distraught,-2.6
2242,distress,-2.4
2243,distressed,-1.8
2244,distresses,-1.6
2245,distressful,-2.2
2246,distressfully,-1.7
2247,distressfulness,-2.4
2248,distressing,-1.7
2249,distressingly,-2.2
2250,distrust,-1.8
2251,distrusted,-2.4
2252,distrustful,-2.1
2253,distrustfully,-1.8
2254,distrustfulness,-1.6
2255,distrusting,-2.1
2256,distrusts,-1.3
2257,disturb,-1.7
2258,disturbance,-1.6
2259,disturbances,-1.4
2260,disturbed,-1.6
2261,disturber,-1.4
2262,disturbers,-2.1
2263,disturbing,-2.3
2264,disturbingly,-2.3
2265,disturbs,-1.9
2266,dithering,-0.5
2267,divination,1.7
2268,divinations,1.1
2269,divinatory,1.6
2270,divine,2.6
2271,divined,0.8
2272,divinely,2.9
2273,diviner,0.3
2274,diviners,1.2
2275,divines,0.8
2276,divinest,2.7
2277,diving,0.3
2278,divining,0.9
2279,divinise,0.5
2280,divinities,1.8
2281,divinity,2.7
2282,divinize,2.3
2283,dizzy,-0.9
2284,dodging,-0.4
2285,dodgy,-0.9
2286,dolorous,-2.2
2287,dominance,0.8
2288,dominances,-0.1
2289,dominantly,0.2
2290,dominants,0.2
2291,dominate,-0.5
2292,dominates,0.2
2293,dominating,-1.2
2294,domination,-0.2
2295,dominations,-0.3
2296,dominative,-0.7
2297,dominators,-0.4
2298,dominatrices,-0.2
2299,dominatrix,-0.5
2300,dominatrixes,0.6
2301,doom,-1.7
2302,doomed,-3.2
2303,doomful,-2.1
2304,dooming,-2.8
2305,dooms,-1.1
2306,doomsayer,-0.7
2307,doomsayers,-1.7
2308,doomsaying,-1.5
2309,doomsayings,-1.5
2310,doomsday,-2.8
2311,doomsdayer,-2.2
2312,doomsdays,-2.4
2313,doomster,-2.2
2314,doomsters,-1.6
2315,doomy,-1.1
2316,dork,-1.4
2317,dorkier,-1.1
2318,dorkiest,-1.2
2319,dorks,-0.5
2320,dorky,-1.1
2321,doubt,-2.5
2322,doubtable,-1.5
2323,doubted,-1.1
2324,doubter,-1.6
2325,doubters,-1.3
2326,doubtful,-1.4
2327,doubtfully,-1.2
2328,doubtfulness,-1.2
2329,doubting,-1.4
2330,doubtingly,-1.4
2331,doubtless,0.9
2332,doubtlessly,1.2
2333,doubtlessness,0.8
2334,doubts,-1.2
2335,douche,-1.5
2336,douchebag,-3.0
2337,downcast,-1.8
2338,downhearted,-2.3
2339,downside,-1.0
2340,drag,-0.9
2341,dragged,-0.2
2342,drags,-0.7
2343,drained,-1.5
2344,dread,-2.0
2345,dreaded,-2.7
2346,dreadful,-1.9
2347,dreadfully,-2.7
2348,dreadfulness,-3.2
2349,dreadfuls,-2.4
2350,dreading,-2.4
2351,dreadlock,-0.4
2352,dreadlocks,-0.2
2353,dreadnought,-0.6
2354,dreadnoughts,-0.4
2355,dreads,-1.4
2356,dream,1.0
2357,dreams,1.7
2358,dreary,-1.4
2359,droopy,-0.8
2360,drop,-1.1
2361,drown,-2.7
2362,drowned,-2.9
2363,drowns,-2.2
2364,drunk,-1.4
2365,dubious,-1.5
2366,dud,-1.0
2367,dull,-1.7
2368,dullard,-1.6
2369,dullards,-1.8
2370,dulled,-1.5
2371,duller,-1.7
2372,dullest,-1.7
2373,dulling,-1.1
2374,dullish,-1.1
2375,dullness,-1.4
2376,dullnesses,-1.9
2377,dulls,-1.0
2378,dullsville,-2.4
2379,dully,-1.1
2380,dumb,-2.3
2381,dumbass,-2.6
2382,dumbbell,-0.8
2383,dumbbells,-0.2
2384,dumbcane,-0.3
2385,dumbcanes,-0.6
2386,dumbed,-1.4
2387,dumber,-1.5
2388,dumbest,-2.3
2389,dumbfound,-0.1
2390,dumbfounded,-1.6
2391,dumbfounder,-1.0
2392,dumbfounders,-1.0
2393,dumbfounding,-0.8
2394,dumbfounds,-0.3
2395,dumbhead,-2.6
2396,dumbheads,-1.9
2397,dumbing,-0.5
2398,dumbly,-1.3
2399,dumbness,-1.9
2400,dumbs,-1.5
2401,dumbstruck,-1.0
2402,dumbwaiter,0.2
2403,dumbwaiters,-0.1
2404,dump,-1.6
2405,dumpcart,-0.6
2406,dumped,-1.7
2407,dumper,-1.2
2408,dumpers,-0.8
2409,dumpier,-1.4
2410,dumpiest,-1.6
2411,dumpiness,-1.2
2412,dumping,-1.3
2413,dumpings,-1.1
2414,dumpish,-1.8
2415,dumpling,0.4
2416,dumplings,-0.3
2417,dumps,-1.7
2418,dumpster,-0.6
2419,dumpsters,-1.0
2420,dumpy,-1.7
2421,dupe,-1.5
2422,duped,-1.8
2423,dwell,0.5
2424,dwelled,0.4
2425,dweller,0.3
2426,dwellers,-0.3
2427,dwelling,0.1
2428,dwells,-0.1
2429,dynamic,1.6
2430,dynamical,1.2
2431,dynamically,1.5
2432,dynamics,1.1
2433,dynamism,1.6
2434,dynamisms,1.2
2435,dynamist,1.4
2436,dynamistic,1.5
2437,dynamists,0.9
2438,dynamite,0.7
2439,dynamited,-0.9
2440,dynamiter,-1.2
2441,dynamiters,0.4
2442,dynamites,-0.3
2443,dynamitic,0.9
2444,dynamiting,0.2
2445,dynamometer,0.3
2446,dynamometers,0.3
2447,dynamometric,0.3
2448,dynamometry,0.6
2449,dynamos,0.3
2450,dynamotor,0.6
2451,dysfunction,-1.8
2452,eager,1.5
2453,eagerly,1.6
2454,eagerness,1.7
2455,eagers,1.6
2456,earnest,2.3
2457,ease,1.5
2458,eased,1.2
2459,easeful,1.5
2460,easefully,1.4
2461,easel,0.3
2462,easement,1.6
2463,easements,0.4
2464,eases,1.3
2465,easier,1.8
2466,easiest,1.8
2467,easily,1.4
2468,easiness,1.6
2469,easing,1.0
2470,easy,1.9
2471,easygoing,1.3
2472,easygoingness,1.5
2473,ecstacy,3.3
2474,ecstasies,2.3
2475,ecstasy,2.9
2476,ecstatic,2.3
2477,ecstatically,2.8
2478,ecstatics,2.9
2479,eerie,-1.5
2480,eery,-0.9
2481,effective,2.1
2482,effectively,1.9
2483,efficiencies,1.6
2484,efficiency,1.5
2485,efficient,2.6
2486,efficiently,2.6
2487,effin,-2.3
2488,egotism,-1.4
2489,egotisms,-1.0
2490,egotist,-2.3
2491,egotistic,-1.4
2492,egotistical,-0.9
2493,egotistically,-1.8
2494,egotists,-1.7
2495,elated,3.2
2496,elation,1.5
2497,elegance,2.1
2498,elegances,1.8
2499,elegancies,1.6
2500,elegancy,2.1
2501,elegant,2.1
2502,elegantly,1.9
2503,embarrass,-1.2
2504,embarrassable,-1.6
2505,embarrassed,-1.5
2506,embarrassedly,-1.1
2507,embarrasses,-1.7
2508,embarrassing,-1.6
2509,embarrassingly,-1.7
2510,embarrassment,-1.9
2511,embarrassments,-1.7
2512,embittered,-0.4
2513,embrace,1.3
2514,emergency,-1.6
2515,emotional,0.6
2516,empathetic,1.7
2517,emptied,-0.7
2518,emptier,-0.7
2519,emptiers,-0.7
2520,empties,-0.7
2521,emptiest,-1.8
2522,emptily,-1.0
2523,emptiness,-1.9
2524,emptinesses,-1.5
2525,emptins,-0.3
2526,empty,-0.8
2527,emptying,-0.6
2528,enchanted,1.6
2529,encourage,2.3
2530,encouraged,1.5
2531,encouragement,1.8
2532,encouragements,2.1
2533,encourager,1.5
2534,encouragers,1.5
2535,encourages,1.9
2536,encouraging,2.4
2537,encouragingly,2.0
2538,endorse,1.3
2539,endorsed,1.0
2540,endorsement,1.3
2541,endorses,1.4
2542,enemies,-2.2
2543,enemy,-2.5
2544,energetic,1.9
2545,energetically,1.8
2546,energetics,0.3
2547,energies,0.9
2548,energise,2.2
2549,energised,2.1
2550,energises,2.2
2551,energising,1.9
2552,energization,1.6
2553,energizations,1.5
2554,energize,2.1
2555,energized,2.3
2556,energizer,2.1
2557,energizers,1.7
2558,energizes,2.1
2559,energizing,2.0
2560,energy,1.1
2561,engage,1.4
2562,engaged,1.7
2563,engagement,2.0
2564,engagements,0.6
2565,engager,1.1
2566,engagers,1.0
2567,engages,1.0
2568,engaging,1.4
2569,engagingly,1.5
2570,engrossed,0.6
2571,enjoy,2.2
2572,enjoyable,1.9
2573,enjoyableness,1.9
2574,enjoyably,1.8
2575,enjoyed,2.3
2576,enjoyer,2.2
2577,enjoyers,2.2
2578,enjoying,2.4
2579,enjoyment,2.6
2580,enjoyments,2.0
2581,enjoys,2.3
2582,enlighten,2.3
2583,enlightened,2.2
2584,enlightening,2.3
2585,enlightens,1.7
2586,ennui,-1.2
2587,enrage,-2.6
2588,enraged,-1.7
2589,enrages,-1.8
2590,enraging,-2.8
2591,enrapture,3.0
2592,enslave,-3.1
2593,enslaved,-1.7
2594,enslaves,-1.6
2595,ensure,1.6
2596,ensuring,1.1
2597,enterprising,2.3
2598,entertain,1.3
2599,entertained,1.7
2600,entertainer,1.6
2601,entertainers,1.0
2602,entertaining,1.9
2603,entertainingly,1.9
2604,entertainment,1.8
2605,entertainments,2.3
2606,entertains,2.4
2607,enthral,0.4
2608,enthuse,1.6
2609,enthused,2.0
2610,enthuses,1.7
2611,enthusiasm,1.9
2612,enthusiasms,2.0
2613,enthusiast,1.5
2614,enthusiastic,2.2
2615,enthusiastically,2.6
2616,enthusiasts,1.4
2617,enthusing,1.9
2618,entitled,1.1
2619,entrusted,0.8
2620,envied,-1.1
2621,envier,-1.0
2622,enviers,-1.1
2623,envies,-0.8
2624,envious,-1.1
2625,envy,-1.1
2626,envying,-0.8
2627,envyingly,-1.3
2628,erroneous,-1.8
2629,error,-1.7
2630,errors,-1.4
2631,escape,0.7
2632,escapes,0.5
2633,escaping,0.2
2634,esteemed,1.9
2635,ethical,2.3
2636,euphoria,3.3
2637,euphoric,3.2
2638,eviction,-2.0
2639,evil,-3.4
2640,evildoer,-3.1
2641,evildoers,-2.4
2642,evildoing,-3.1
2643,evildoings,-2.5
2644,eviler,-2.1
2645,evilest,-2.5
2646,eviller,-2.9
2647,evillest,-3.3
2648,evilly,-3.4
2649,evilness,-3.1
2650,evils,-2.7
2651,exaggerate,-0.6
2652,exaggerated,-0.4
2653,exaggerates,-0.6
2654,exaggerating,-0.7
2655,exasperated,-1.8
2656,excel,2.0
2657,excelled,2.2
2658,excellence,3.1
2659,excellences,2.5
2660,excellencies,2.4
2661,excellency,2.5
2662,excellent,2.7
2663,excellently,3.1
2664,excelling,2.5
2665,excels,2.5
2666,excelsior,0.7
2667,excitabilities,1.5
2668,excitability,1.2
2669,excitable,1.5
2670,excitableness,1.0
2671,excitant,1.8
2672,excitants,1.2
2673,excitation,1.8
2674,excitations,1.8
2675,excitative,0.3
2676,excitatory,1.1
2677,excite,2.1
2678,excited,1.4
2679,excitedly,2.3
2680,excitement,2.2
2681,excitements,1.9
2682,exciter,1.9
2683,exciters,1.4
2684,excites,2.1
2685,exciting,2.2
2686,excitingly,1.9
2687,exciton,0.3
2688,excitonic,0.2
2689,excitons,0.8
2690,excitor,0.5
2691,exclude,-0.9
2692,excluded,-1.4
2693,exclusion,-1.2
2694,exclusive,0.5
2695,excruciate,-2.7
2696,excruciated,-1.3
2697,excruciates,-1.0
2698,excruciating,-3.3
2699,excruciatingly,-2.9
2700,excruciation,-3.4
2701,excruciations,-1.9
2702,excuse,0.3
2703,exempt,0.4
2704,exhaust,-1.2
2705,exhausted,-1.5
2706,exhauster,-1.3
2707,exhausters,-1.3
2708,exhaustibility,-0.8
2709,exhaustible,-1.0
2710,exhausting,-1.5
2711,exhaustion,-1.5
2712,exhaustions,-1.1
2713,exhaustive,-0.5
2714,exhaustively,-0.7
2715,exhaustiveness,-1.1
2716,exhaustless,0.2
2717,exhaustlessness,0.9
2718,exhausts,-1.1
2719,exhilarated,3.0
2720,exhilarates,2.8
2721,exhilarating,1.7
2722,exonerate,1.8
2723,exonerated,1.8
2724,exonerates,1.6
2725,exonerating,1.0
2726,expand,1.3
2727,expands,0.4
2728,expel,-1.9
2729,expelled,-1.0
2730,expelling,-1.6
2731,expels,-1.6
2732,exploit,-0.4
2733,exploited,-2.0
2734,exploiting,-1.9
2735,exploits,-1.4
2736,exploration,0.9
2737,explorations,0.3
2738,expose,-0.6
2739,exposed,-0.3
2740,exposes,-0.5
2741,exposing,-1.1
2742,extend,0.7
2743,extends,0.5
2744,exuberant,2.8
2745,exultant,3.0
2746,exultantly,1.4
2747,fab,2.0
2748,fabulous,2.4
2749,fabulousness,2.8
2750,fad,0.9
2751,fag,-2.1
2752,faggot,-3.4
2753,faggots,-3.2
2754,fail,-4.0
2755,failed,-2.3
2756,failing,-2.3
2757,failingly,-1.4
2758,failings,-2.2
2759,faille,0.1
2760,fails,-1.8
2761,failure,-2.3
2762,failures,-2.0
2763,fainthearted,-0.3
2764,fair,1.3
2765,faith,1.8
2766,faithed,1.3
2767,faithful,1.9
2768,faithfully,1.8
2769,faithfulness,1.9
2770,faithless,-1.0
2771,faithlessly,-0.9
2772,faithlessness,-1.8
2773,faiths,1.8
2774,fake,-2.1
2775,fakes,-1.8
2776,faking,-1.8
2777,fallen,-1.5
2778,falling,-0.6
2779,falsified,-1.6
2780,falsify,-2.0
2781,fame,1.9
2782,fan,1.3
2783,fantastic,2.6
2784,fantastical,2.0
2785,fantasticalities,2.1
2786,fantasticality,1.7
2787,fantasticalness,1.3
2788,fantasticate,1.5
2789,fantastico,0.4
2790,farce,-1.7
2791,fascinate,2.4
2792,fascinated,2.1
2793,fascinates,2.0
2794,fascination,2.2
2795,fascinating,2.5
2796,fascist,-2.6
2797,fascists,-0.8
2798,fatal,-2.5
2799,fatalism,-0.6
2800,fatalisms,-1.7
2801,fatalist,-0.5
2802,fatalistic,-1.0
2803,fatalists,-1.2
2804,fatalities,-2.9
2805,fatality,-3.5
2806,fatally,-3.2
2807,fatigue,-1.0
2808,fatigued,-1.4
2809,fatigues,-1.3
2810,fatiguing,-1.2
2811,fatiguingly,-1.5
2812,fault,-1.7
2813,faulted,-1.4
2814,faultfinder,-0.8
2815,faultfinders,-1.5
2816,faultfinding,-2.1
2817,faultier,-2.1
2818,faultiest,-2.1
2819,faultily,-2.0
2820,faultiness,-1.5
2821,faulting,-1.4
2822,faultless,2.0
2823,faultlessly,2.0
2824,faultlessness,1.1
2825,faults,-2.1
2826,faulty,-1.3
2827,fave,1.9
2828,favor,1.7
2829,favorable,2.1
2830,favorableness,2.2
2831,favorably,1.6
2832,favored,1.8
2833,favorer,1.3
2834,favorers,1.4
2835,favoring,1.8
2836,favorite,2.0
2837,favorited,1.7
2838,favorites,1.8
2839,favoritism,0.7
2840,favoritisms,0.7
2841,favors,1.0
2842,favour,1.9
2843,favoured,1.8
2844,favourer,1.6
2845,favourers,1.6
2846,favouring,1.3
2847,favours,1.8
2848,fear,-2.2
2849,feared,-2.2
2850,fearful,-2.2
2851,fearfuller,-2.2
2852,fearfullest,-2.5
2853,fearfully,-2.2
2854,fearfulness,-1.8
2855,fearing,-2.7
2856,fearless,1.9
2857,fearlessly,1.1
2858,fearlessness,1.1
2859,fears,-1.8
2860,fearsome,-1.7
2861,fed up,-1.8
2862,feeble,-1.2
2863,feeling,0.5
2864,felonies,-2.5
2865,felony,-2.5
2866,ferocious,-0.4
2867,ferociously,-1.1
2868,ferociousness,-1.0
2869,ferocities,-1.0
2870,ferocity,-0.7
2871,fervent,1.1
2872,fervid,0.5
2873,festival,2.2
2874,festivalgoer,1.3
2875,festivalgoers,1.2
2876,festivals,1.5
2877,festive,2.0
2878,festively,2.2
2879,festiveness,2.4
2880,festivities,2.1
2881,festivity,2.2
2882,feud,-1.4
2883,feudal,-0.8
2884,feudalism,-0.9
2885,feudalisms,-0.2
2886,feudalist,-0.9
2887,feudalistic,-1.1
2888,feudalities,-0.4
2889,feudality,-0.5
2890,feudalization,-0.3
2891,feudalize,-0.5
2892,feudalized,-0.8
2893,feudalizes,-0.1
2894,feudalizing,-0.7
2895,feudally,-0.6
2896,feudaries,-0.3
2897,feudary,-0.8
2898,feudatories,-0.5
2899,feudatory,-0.1
2900,feuded,-2.2
2901,feuding,-1.6
2902,feudist,-1.1
2903,feudists,-0.7
2904,feuds,-1.4
2905,fiasco,-2.3
2906,fidgety,-1.4
2907,fiery,-1.4
2908,fiesta,2.1
2909,fiestas,1.5
2910,fight,-1.6
2911,fighter,0.6
2912,fighters,-0.2
2913,fighting,-1.5
2914,fightings,-1.9
2915,fights,-1.7
2916,fine,0.8
2917,fire,-1.4
2918,fired,-2.6
2919,firing,-1.4
2920,fit,1.5
2921,fitness,1.1
2922,flagship,0.4
2923,flatter,0.4
2924,flattered,1.6
2925,flatterer,-0.3
2926,flatterers,0.3
2927,flatteries,1.2
2928,flattering,1.3
2929,flatteringly,1.0
2930,flatters,0.6
2931,flattery,0.4
2932,flawed,-2.1
2933,flawless,2.3
2934,flawlessly,0.8
2935,flees,-0.7
2936,flexibilities,1.0
2937,flexibility,1.4
2938,flexible,0.9
2939,flexibly,1.3
2940,flirtation,1.7
2941,flirtations,-0.1
2942,flirtatious,0.5
2943,flirtatiously,-0.1
2944,flirtatiousness,0.6
2945,flirted,-0.2
2946,flirter,-0.4
2947,flirters,0.6
2948,flirtier,-0.1
2949,flirtiest,0.4
2950,flirting,0.8
2951,flirts,0.7
2952,flirty,0.6
2953,flop,-1.4
2954,flops,-1.4
2955,flu,-1.6
2956,flunk,-1.3
2957,flunked,-2.1
2958,flunker,-1.9
2959,flunkers,-1.6
2960,flunkey,-1.8
2961,flunkeys,-0.6
2962,flunkies,-1.4
2963,flunking,-1.5
2964,flunks,-1.8
2965,flunky,-1.8
2966,flustered,-1.0
2967,focused,1.6
2968,foe,-1.9
2969,foehns,0.2
2970,foeman,-1.8
2971,foemen,-0.3
2972,foes,-2.0
2973,foetal,-0.1
2974,foetid,-2.3
2975,foetor,-3.0
2976,foetors,-2.1
2977,foetus,0.2
2978,foetuses,0.2
2979,fond,1.9
2980,fondly,1.9
2981,fondness,2.5
2982,fool,-1.9
2983,fooled,-1.6
2984,fooleries,-1.8
2985,foolery,-1.8
2986,foolfish,-0.8
2987,foolfishes,-0.4
2988,foolhardier,-1.5
2989,foolhardiest,-1.3
2990,foolhardily,-1.0
2991,foolhardiness,-1.6
2992,foolhardy,-1.4
2993,fooling,-1.7
2994,foolish,-1.1
2995,foolisher,-1.7
2996,foolishest,-1.4
2997,foolishly,-1.8
2998,foolishness,-1.8
2999,foolishnesses,-2.0
3000,foolproof,1.6
3001,fools,-2.2
3002,foolscaps,-0.8
3003,forbid,-1.3
3004,forbiddance,-1.4
3005,forbiddances,-1.0
3006,forbidden,-1.8
3007,forbidder,-1.6
3008,forbidders,-1.5
3009,forbidding,-1.9
3010,forbiddingly,-1.9
3011,forbids,-1.3
3012,forced,-2.0
3013,foreclosure,-0.5
3014,foreclosures,-2.4
3015,forgave,1.4
3016,forget,-0.9
3017,forgetful,-1.1
3018,forgivable,1.7
3019,forgivably,1.6
3020,forgive,1.1
3021,forgiven,1.6
3022,forgiveness,1.1
3023,forgiver,1.7
3024,forgivers,1.2
3025,forgives,1.7
3026,forgiving,1.9
3027,forgivingly,1.4
3028,forgivingness,1.8
3029,forgotten,-0.9
3030,fortunate,1.9
3031,fought,-1.3
3032,foughten,-1.9
3033,frantic,-1.9
3034,frantically,-1.4
3035,franticness,-0.7
3036,fraud,-2.8
3037,frauds,-2.3
3038,fraudster,-2.5
3039,fraudsters,-2.4
3040,fraudulence,-2.3
3041,fraudulent,-2.2
3042,freak,-1.9
3043,freaked,-1.2
3044,freakier,-1.3
3045,freakiest,-1.6
3046,freakiness,-1.4
3047,freaking,-1.8
3048,freakish,-2.1
3049,freakishly,-0.8
3050,freakishness,-1.4
3051,freakout,-1.8
3052,freakouts,-1.5
3053,freaks,-0.4
3054,freaky,-1.5
3055,free,2.3
3056,freebase,-0.1
3057,freebased,0.8
3058,freebases,0.8
3059,freebasing,-0.4
3060,freebee,1.3
3061,freebees,1.3
3062,freebie,1.8
3063,freebies,1.8
3064,freeboard,0.3
3065,freeboards,0.7
3066,freeboot,-0.7
3067,freebooter,-1.7
3068,freebooters,-0.2
3069,freebooting,-0.8
3070,freeborn,1.2
3071,freed,1.7
3072,freedman,1.1
3073,freedmen,0.7
3074,freedom,3.2
3075,freedoms,1.2
3076,freedwoman,1.6
3077,freedwomen,1.3
3078,freeform,0.9
3079,freehand,0.5
3080,freehanded,1.4
3081,freehearted,1.5
3082,freehold,0.7
3083,freeholder,0.5
3084,freeholders,0.1
3085,freeholds,1.0
3086,freeing,2.1
3087,freelance,1.2
3088,freelanced,0.7
3089,freelancer,1.1
3090,freelancers,0.4
3091,freelances,0.7
3092,freelancing,0.4
3093,freeload,-1.9
3094,freeloaded,-1.6
3095,freeloader,-0.7
3096,freeloaders,-0.1
3097,freeloading,-1.3
3098,freeloads,-1.3
3099,freely,1.9
3100,freeman,1.7
3101,freemartin,-0.5
3102,freemasonries,0.7
3103,freemasonry,0.3
3104,freemen,1.5
3105,freeness,1.6
3106,freenesses,1.7
3107,freer,1.1
3108,freers,1.0
3109,frees,1.2
3110,freesia,0.4
3111,freesias,0.4
3112,freest,1.6
3113,freestanding,1.1
3114,freestyle,0.7
3115,freestyler,0.4
3116,freestylers,0.8
3117,freestyles,0.3
3118,freethinker,1.0
3119,freethinkers,1.0
3120,freethinking,1.1
3121,freeware,0.7
3122,freeway,0.2
3123,freewheel,0.5
3124,freewheeled,0.3
3125,freewheeler,0.2
3126,freewheelers,-0.3
3127,freewheeling,0.5
3128,freewheelingly,0.8
3129,freewheels,0.6
3130,freewill,1.0
3131,freewriting,0.8
3132,freeze,0.2
3133,freezers,-0.1
3134,freezes,-0.1
3135,freezing,-0.4
3136,freezingly,-1.6
3137,frenzy,-1.3
3138,fresh,1.3
3139,friend,2.2
3140,friended,1.7
3141,friending,1.8
3142,friendless,-1.5
3143,friendlessness,-0.3
3144,friendlier,2.0
3145,friendlies,2.2
3146,friendliest,2.6
3147,friendlily,1.8
3148,friendliness,2.0
3149,friendly,2.2
3150,friends,2.1
3151,friendship,1.9
3152,friendships,1.6
3153,fright,-1.6
3154,frighted,-1.4
3155,frighten,-1.4
3156,frightened,-1.9
3157,frightening,-2.2
3158,frighteningly,-2.1
3159,frightens,-1.7
3160,frightful,-2.3
3161,frightfully,-1.7
3162,frightfulness,-1.9
3163,frighting,-1.5
3164,frights,-1.1
3165,frisky,1.0
3166,frowning,-1.4
3167,frustrate,-2.0
3168,frustrated,-2.4
3169,frustrates,-1.9
3170,frustrating,-1.9
3171,frustratingly,-2.0
3172,frustration,-2.1
3173,frustrations,-2.0
3174,fuck,-2.5
3175,fucked,-3.4
3176,fucker,-3.3
3177,fuckers,-2.9
3178,fuckface,-3.2
3179,fuckhead,-3.1
3180,fucks,-2.1
3181,fucktard,-3.1
3182,fud,-1.1
3183,fuked,-2.5
3184,fuking,-3.2
3185,fulfill,1.9
3186,fulfilled,1.8
3187,fulfills,1.0
3188,fume,-1.2
3189,fumed,-1.8
3190,fumeless,0.3
3191,fumelike,-0.7
3192,fumer,0.7
3193,fumers,-0.8
3194,fumes,-0.1
3195,fumet,0.4
3196,fumets,-0.4
3197,fumette,-0.6
3198,fuming,-2.7
3199,fun,2.3
3200,funeral,-1.5
3201,funerals,-1.6
3202,funky,-0.4
3203,funned,2.3
3204,funnel,0.1
3205,funneled,0.1
3206,funnelform,0.5
3207,funneling,-0.1
3208,funnelled,-0.1
3209,funnelling,0.1
3210,funnels,0.4
3211,funner,2.2
3212,funnest,2.9
3213,funnier,1.7
3214,funnies,1.3
3215,funniest,2.6
3216,funnily,1.9
3217,funniness,1.8
3218,funninesses,1.6
3219,funning,1.8
3220,funny,1.9
3221,funnyman,1.4
3222,funnymen,1.3
3223,furious,-2.7
3224,furiously,-1.9
3225,fury,-2.7
3226,futile,-1.9
3227,gag,-1.4
3228,gagged,-1.3
3229,gain,2.4
3230,gained,1.6
3231,gaining,1.8
3232,gains,1.4
3233,gallant,1.7
3234,gallantly,1.9
3235,gallantry,2.6
3236,geek,-0.8
3237,geekier,0.2
3238,geekiest,-0.1
3239,geeks,-0.4
3240,geeky,-0.6
3241,generosities,2.6
3242,generosity,2.3
3243,generous,2.3
3244,generously,1.8
3245,generousness,2.4
3246,genial,1.8
3247,gentle,1.9
3248,gentler,1.4
3249,gentlest,1.8
3250,gently,2.0
3251,ghost,-1.3
3252,giddy,-0.6
3253,gift,1.9
3254,giggle,1.8
3255,giggled,1.5
3256,giggler,0.6
3257,gigglers,1.4
3258,giggles,0.8
3259,gigglier,1.0
3260,giggliest,1.7
3261,giggling,1.5
3262,gigglingly,1.1
3263,giggly,1.0
3264,giver,1.4
3265,givers,1.7
3266,giving,1.4
3267,glad,2.0
3268,gladly,1.4
3269,glamor,2.1
3270,glamorise,1.3
3271,glamorised,1.8
3272,glamorises,2.1
3273,glamorising,1.2
3274,glamorization,1.6
3275,glamorize,1.7
3276,glamorized,2.1
3277,glamorizer,2.4
3278,glamorizers,1.6
3279,glamorizes,2.4
3280,glamorizing,1.8
3281,glamorous,2.3
3282,glamorously,2.1
3283,glamors,1.4
3284,glamour,2.4
3285,glamourize,0.8
3286,glamourless,-1.6
3287,glamourous,2.0
3288,glamours,1.9
3289,glee,3.2
3290,gleeful,2.9
3291,gloom,-2.6
3292,gloomed,-1.9
3293,gloomful,-2.1
3294,gloomier,-1.5
3295,gloomiest,-1.8
3296,gloominess,-1.8
3297,gloominesses,-1.0
3298,glooming,-1.8
3299,glooms,-0.9
3300,gloomy,-0.6
3301,gloried,2.4
3302,glories,2.1
3303,glorification,2.0
3304,glorified,2.3
3305,glorifier,2.3
3306,glorifiers,1.6
3307,glorifies,2.2
3308,glorify,2.7
3309,glorifying,2.4
3310,gloriole,1.5
3311,glorioles,1.2
3312,glorious,3.2
3313,gloriously,2.9
3314,gloriousness,2.6
3315,glory,2.5
3316,glum,-2.1
3317,gn8,0.6
3318,god,1.1
3319,goddam,-2.5
3320,goddammed,-2.4
3321,goddamn,-2.1
3322,goddamned,-1.8
3323,goddamns,-2.1
3324,goddams,-1.9
3325,godsend,2.8
3326,good,1.9
3327,goodness,2.0
3328,gorgeous,3.0
3329,gorgeously,2.3
3330,gorgeousness,2.9
3331,gorgeousnesses,2.1
3332,gossip,-0.7
3333,gossiped,-1.1
3334,gossiper,-1.1
3335,gossipers,-1.1
3336,gossiping,-1.6
3337,gossipmonger,-1.0
3338,gossipmongers,-1.4
3339,gossipped,-1.3
3340,gossipping,-1.8
3341,gossipries,-0.8
3342,gossipry,-1.2
3343,gossips,-1.3
3344,gossipy,-1.3
3345,grace,1.8
3346,graced,0.9
3347,graceful,2.0
3348,gracefuller,2.2
3349,gracefullest,2.8
3350,gracefully,2.4
3351,gracefulness,2.2
3352,graces,1.6
3353,gracile,1.7
3354,graciles,0.6
3355,gracilis,0.4
3356,gracility,1.2
3357,gracing,1.3
3358,gracioso,1.0
3359,gracious,2.6
3360,graciously,2.3
3361,graciousness,2.4
3362,grand,2.0
3363,grandee,1.1
3364,grandees,1.2
3365,grander,1.7
3366,grandest,2.4
3367,grandeur,2.4
3368,grandeurs,2.1
3369,grant,1.5
3370,granted,1.0
3371,granting,1.3
3372,grants,0.9
3373,grateful,2.0
3374,gratefuller,1.8
3375,gratefully,2.1
3376,gratefulness,2.2
3377,graticule,0.1
3378,graticules,0.2
3379,gratification,1.6
3380,gratifications,1.8
3381,gratified,1.6
3382,gratifies,1.5
3383,gratify,1.3
3384,gratifying,2.3
3385,gratifyingly,2.0
3386,gratin,0.4
3387,grating,-0.4
3388,gratingly,-0.2
3389,gratings,-0.8
3390,gratins,0.2
3391,gratis,0.2
3392,gratitude,2.3
3393,gratz,2.0
3394,grave,-1.6
3395,graved,-0.9
3396,gravel,-0.5
3397,graveled,-0.5
3398,graveless,-1.3
3399,graveling,-0.4
3400,gravelled,-0.9
3401,gravelling,-0.4
3402,gravelly,-0.9
3403,gravels,-0.5
3404,gravely,-1.5
3405,graven,-0.9
3406,graveness,-1.5
3407,graver,-1.1
3408,gravers,-1.2
3409,graves,-1.2
3410,graveside,-0.8
3411,gravesides,-1.6
3412,gravest,-1.3
3413,gravestone,-0.7
3414,gravestones,-0.5
3415,graveyard,-1.2
3416,graveyards,-1.2
3417,great,3.1
3418,greater,1.5
3419,greatest,3.2
3420,greed,-1.7
3421,greedier,-2.0
3422,greediest,-2.8
3423,greedily,-1.9
3424,greediness,-1.7
3425,greeds,-1.0
3426,greedy,-1.3
3427,greenwash,-1.8
3428,greenwashing,-0.4
3429,greet,1.3
3430,greeted,1.1
3431,greeting,1.6
3432,greetings,1.8
3433,greets,0.6
3434,grey,0.2
3435,grief,-2.2
3436,grievance,-2.1
3437,grievances,-1.5
3438,grievant,-0.8
3439,grievants,-1.1
3440,grieve,-1.6
3441,grieved,-2.0
3442,griever,-1.9
3443,grievers,-0.3
3444,grieves,-2.1
3445,grieving,-2.3
3446,grievous,-2.0
3447,grievously,-1.7
3448,grievousness,-2.7
3449,grim,-2.7
3450,grimace,-1.0
3451,grimaced,-2.0
3452,grimaces,-1.8
3453,grimacing,-1.4
3454,grimalkin,-0.9
3455,grimalkins,-0.9
3456,grime,-1.5
3457,grimed,-1.2
3458,grimes,-1.0
3459,grimier,-1.6
3460,grimiest,-0.7
3461,grimily,-0.7
3462,griminess,-1.6
3463,griming,-0.7
3464,grimly,-1.3
3465,grimmer,-1.5
3466,grimmest,-0.8
3467,grimness,-0.8
3468,grimy,-1.8
3469,grin,2.1
3470,grinned,1.1
3471,grinner,1.1
3472,grinners,1.6
3473,grinning,1.5
3474,grins,0.9
3475,gross,-2.1
3476,grossed,-0.4
3477,grosser,-0.3
3478,grosses,-0.8
3479,grossest,-2.1
3480,grossing,-0.3
3481,grossly,-0.9
3482,grossness,-1.8
3483,grossular,-0.3
3484,grossularite,-0.1
3485,grossularites,-0.7
3486,grossulars,-0.3
3487,grouch,-2.2
3488,grouched,-0.8
3489,grouches,-0.9
3490,grouchier,-2.0
3491,grouchiest,-2.3
3492,grouchily,-1.4
3493,grouchiness,-2.0
3494,grouching,-1.7
3495,grouchy,-1.9
3496,growing,0.7
3497,growth,1.6
3498,guarantee,1.0
3499,guilt,-1.1
3500,guiltier,-2.0
3501,guiltiest,-1.7
3502,guiltily,-1.1
3503,guiltiness,-1.8
3504,guiltless,0.8
3505,guiltlessly,0.7
3506,guiltlessness,0.6
3507,guilts,-1.4
3508,guilty,-1.8
3509,gullibility,-1.6
3510,gullible,-1.5
3511,gun,-1.4
3512,h8,-2.7
3513,ha,1.4
3514,hacked,-1.7
3515,haha,2.0
3516,hahaha,2.6
3517,hahas,1.8
3518,hail,0.3
3519,hailed,0.9
3520,hallelujah,3.0
3521,handsome,2.2
3522,handsomely,1.9
3523,handsomeness,2.4
3524,handsomer,2.0
3525,handsomest,2.6
3526,hapless,-1.4
3527,haplessness,-1.4
3528,happier,2.4
3529,happiest,3.2
3530,happily,2.6
3531,happiness,2.6
3532,happing,1.1
3533,happy,2.7
3534,harass,-2.2
3535,harassed,-2.5
3536,harasser,-2.4
3537,harassers,-2.8
3538,harasses,-2.5
3539,harassing,-2.5
3540,harassment,-2.5
3541,harassments,-2.6
3542,hard,-0.4
3543,hardier,-0.6
3544,hardship,-1.3
3545,hardy,1.7
3546,harm,-2.5
3547,harmed,-2.1
3548,harmfully,-2.6
3549,harmfulness,-2.6
3550,harming,-2.6
3551,harmless,1.0
3552,harmlessly,1.4
3553,harmlessness,0.8
3554,harmonic,1.8
3555,harmonica,0.6
3556,harmonically,2.1
3557,harmonicas,0.1
3558,harmonicist,0.5
3559,harmonicists,0.9
3560,harmonics,1.5
3561,harmonies,1.3
3562,harmonious,2.0
3563,harmoniously,1.9
3564,harmoniousness,1.8
3565,harmonise,1.8
3566,harmonised,1.3
3567,harmonising,1.4
3568,harmonium,0.9
3569,harmoniums,0.8
3570,harmonization,1.9
3571,harmonizations,0.9
3572,harmonize,1.7
3573,harmonized,1.6
3574,harmonizer,1.6
3575,harmonizers,1.6
3576,harmonizes,1.5
3577,harmonizing,1.4
3578,harmony,1.7
3579,harms,-2.2
3580,harried,-1.4
3581,harsh,-1.9
3582,harsher,-2.2
3583,harshest,-2.9
3584,hate,-2.7
3585,hated,-3.2
3586,hateful,-2.2
3587,hatefully,-2.3
3588,hatefulness,-3.6
3589,hater,-1.8
3590,haters,-2.2
3591,hates,-1.9
3592,hating,-2.3
3593,hatred,-3.2
3594,haunt,-1.7
3595,haunted,-2.1
3596,haunting,-1.1
3597,haunts,-1.0
3598,havoc,-2.9
3599,healthy,1.7
3600,heartbreak,-2.7
3601,heartbreaker,-2.2
3602,heartbreakers,-2.1
3603,heartbreaking,-2.0
3604,heartbreakingly,-1.8
3605,heartbreaks,-1.8
3606,heartbroken,-3.3
3607,heartfelt,2.5
3608,heartless,-2.2
3609,heartlessly,-2.8
3610,heartlessness,-2.8
3611,heartwarming,2.1
3612,heaven,2.3
3613,heavenlier,3.0
3614,heavenliest,2.7
3615,heavenliness,2.7
3616,heavenlinesses,2.3
3617,heavenly,3.0
3618,heavens,1.7
3619,heavenward,1.4
3620,heavenwards,1.2
3621,heavyhearted,-2.1
3622,heh,-0.6
3623,hell,-3.6
3624,hellish,-3.2
3625,help,1.7
3626,helper,1.4
3627,helpers,1.1
3628,helpful,1.8
3629,helpfully,2.3
3630,helpfulness,1.9
3631,helping,1.2
3632,helpless,-2.0
3633,helplessly,-1.4
3634,helplessness,-2.1
3635,helplessnesses,-1.7
3636,helps,1.6
3637,hero,2.6
3638,heroes,2.3
3639,heroic,2.6
3640,heroical,2.9
3641,heroically,2.4
3642,heroicomic,1.0
3643,heroicomical,1.1
3644,heroics,2.4
3645,heroin,-2.2
3646,heroine,2.7
3647,heroines,1.8
3648,heroinism,-2.0
3649,heroism,2.8
3650,heroisms,2.2
3651,heroize,2.1
3652,heroized,2.0
3653,heroizes,2.2
3654,heroizing,1.9
3655,heron,0.1
3656,heronries,0.7
3657,heronry,0.1
3658,herons,0.5
3659,heros,1.3
3660,hesitance,-0.9
3661,hesitancies,-1.0
3662,hesitancy,-0.9
3663,hesitant,-1.0
3664,hesitantly,-1.2
3665,hesitate,-1.1
3666,hesitated,-1.3
3667,hesitater,-1.4
3668,hesitaters,-1.4
3669,hesitates,-1.4
3670,hesitating,-1.4
3671,hesitatingly,-1.5
3672,hesitation,-1.1
3673,hesitations,-1.1
3674,hid,-0.4
3675,hide,-0.7
3676,hides,-0.7
3677,hiding,-1.2
3678,highlight,1.4
3679,hilarious,1.7
3680,hindrance,-1.7
3681,hoax,-1.1
3682,holiday,1.7
3683,holidays,1.6
3684,homesick,-0.7
3685,homesickness,-1.8
3686,homesicknesses,-1.8
3687,honest,2.3
3688,honester,1.9
3689,honestest,3.0
3690,honesties,1.8
3691,honestly,2.0
3692,honesty,2.2
3693,honor,2.2
3694,honorability,2.2
3695,honorable,2.5
3696,honorableness,2.2
3697,honorably,2.4
3698,honoraria,0.6
3699,honoraries,1.5
3700,honorarily,1.9
3701,honorarium,0.7
3702,honorariums,1.0
3703,honorary,1.4
3704,honored,2.8
3705,honoree,2.1
3706,honorees,2.3
3707,honorer,1.7
3708,honorers,1.3
3709,honorific,1.4
3710,honorifically,2.2
3711,honorifics,1.7
3712,honoring,2.3
3713,honors,2.3
3714,honour,2.7
3715,honourable,2.1
3716,honoured,2.2
3717,honourer,1.8
3718,honourers,1.6
3719,honouring,2.1
3720,honours,2.2
3721,hooligan,-1.5
3722,hooliganism,-2.1
3723,hooligans,-1.1
3724,hooray,2.3
3725,hope,1.9
3726,hoped,1.6
3727,hopeful,2.3
3728,hopefully,1.7
3729,hopefulness,1.6
3730,hopeless,-2.0
3731,hopelessly,-2.2
3732,hopelessness,-3.1
3733,hopes,1.8
3734,hoping,1.8
3735,horrendous,-2.8
3736,horrendously,-1.9
3737,horrent,-0.9
3738,horrible,-2.5
3739,horribleness,-2.4
3740,horribles,-2.1
3741,horribly,-2.4
3742,horrid,-2.5
3743,horridly,-1.4
3744,horridness,-2.3
3745,horridnesses,-3.0
3746,horrific,-3.4
3747,horrifically,-2.9
3748,horrified,-2.5
3749,horrifies,-2.9
3750,horrify,-2.5
3751,horrifying,-2.7
3752,horrifyingly,-3.3
3753,horror,-2.7
3754,horrors,-2.7
3755,hostile,-1.6
3756,hostilely,-2.2
3757,hostiles,-1.3
3758,hostilities,-2.1
3759,hostility,-2.5
3760,huckster,-0.9
3761,hug,2.1
3762,huge,1.3
3763,huggable,1.6
3764,hugged,1.7
3765,hugger,1.6
3766,huggers,1.8
3767,hugging,1.8
3768,hugs,2.2
3769,humerous,1.4
3770,humiliate,-2.5
3771,humiliated,-1.4
3772,humiliates,-1.0
3773,humiliating,-1.2
3774,humiliatingly,-2.6
3775,humiliation,-2.7
3776,humiliations,-2.4
3777,humor,1.1
3778,humoral,0.6
3779,humored,1.2
3780,humoresque,1.2
3781,humoresques,0.9
3782,humoring,2.1
3783,humorist,1.2
3784,humoristic,1.5
3785,humorists,1.3
3786,humorless,-1.3
3787,humorlessness,-1.4
3788,humorous,1.6
3789,humorously,2.3
3790,humorousness,2.4
3791,humors,1.6
3792,humour,2.1
3793,humoured,1.1
3794,humouring,1.7
3795,humourous,2.0
3796,hunger,-1.0
3797,hurrah,2.6
3798,hurrahed,1.9
3799,hurrahing,2.4
3800,hurrahs,2.1
3801,hurray,2.7
3802,hurrayed,1.8
3803,hurraying,1.2
3804,hurrays,2.4
3805,hurt,-2.4
3806,hurter,-2.3
3807,hurters,-1.9
3808,hurtful,-2.4
3809,hurtfully,-2.6
3810,hurtfulness,-1.9
3811,hurting,-1.7
3812,hurtle,-0.3
3813,hurtled,-0.6
3814,hurtles,-1.0
3815,hurtless,0.3
3816,hurtling,-1.4
3817,hurts,-2.1
3818,hypocritical,-2.0
3819,hysteria,-1.9
3820,hysterical,-0.1
3821,hysterics,-1.8
3822,ideal,2.4
3823,idealess,-1.9
3824,idealise,1.4
3825,idealised,2.1
3826,idealises,2.0
3827,idealising,0.6
3828,idealism,1.7
3829,idealisms,0.8
3830,idealist,1.6
3831,idealistic,1.8
3832,idealistically,1.7
3833,idealists,0.7
3834,idealities,1.5
3835,ideality,1.9
3836,idealization,1.8
3837,idealizations,1.4
3838,idealize,1.2
3839,idealized,1.8
3840,idealizer,1.3
3841,idealizers,1.9
3842,idealizes,2.0
3843,idealizing,1.4
3844,idealless,-1.7
3845,ideally,1.8
3846,idealogues,0.5
3847,idealogy,0.8
3848,ideals,0.8
3849,idiot,-2.3
3850,idiotic,-2.6
3851,ignorable,-1.0
3852,ignorami,-1.9
3853,ignoramus,-1.9
3854,ignoramuses,-2.3
3855,ignorance,-1.5
3856,ignorances,-1.2
3857,ignorant,-1.1
3858,ignorantly,-1.6
3859,ignorantness,-1.1
3860,ignore,-1.5
3861,ignored,-1.3
3862,ignorer,-1.3
3863,ignorers,-0.7
3864,ignores,-1.1
3865,ignoring,-1.7
3866,ill,-1.8
3867,illegal,-2.6
3868,illiteracy,-1.9
3869,illness,-1.7
3870,illnesses,-2.2
3871,imbecile,-2.2
3872,immobilized,-1.2
3873,immoral,-2.0
3874,immoralism,-1.6
3875,immoralist,-2.1
3876,immoralists,-1.7
3877,immoralities,-1.1
3878,immorality,-0.6
3879,immorally,-2.1
3880,immortal,1.0
3881,immune,1.2
3882,impatience,-1.8
3883,impatiens,-0.2
3884,impatient,-1.2
3885,impatiently,-1.7
3886,imperfect,-1.3
3887,impersonal,-1.3
3888,impolite,-1.6
3889,impolitely,-1.8
3890,impoliteness,-1.8
3891,impolitenesses,-2.3
3892,importance,1.5
3893,importancies,0.4
3894,importancy,1.4
3895,important,0.8
3896,importantly,1.3
3897,impose,-1.2
3898,imposed,-0.3
3899,imposes,-0.4
3900,imposing,-0.4
3901,impotent,-1.1
3902,impress,1.9
3903,impressed,2.1
3904,impresses,2.1
3905,impressibility,1.2
3906,impressible,0.8
3907,impressing,2.5
3908,impression,0.9
3909,impressionable,0.2
3910,impressionism,0.8
3911,impressionisms,0.5
3912,impressionist,1.0
3913,impressionistic,1.5
3914,impressionistically,1.6
3915,impressionists,0.5
3916,impressions,0.9
3917,impressive,2.3
3918,impressively,2.0
3919,impressiveness,1.7
3920,impressment,-0.4
3921,impressments,0.5
3922,impressure,0.6
3923,imprisoned,-2.0
3924,improve,1.9
3925,improved,2.1
3926,improvement,2.0
3927,improvements,1.3
3928,improver,1.8
3929,improvers,1.3
3930,improves,1.8
3931,improving,1.8
3932,inability,-1.7
3933,inaction,-1.0
3934,inadequacies,-1.7
3935,inadequacy,-1.7
3936,inadequate,-1.7
3937,inadequately,-1.0
3938,inadequateness,-1.7
3939,inadequatenesses,-1.6
3940,incapable,-1.6
3941,incapacitated,-1.9
3942,incensed,-2.0
3943,incentive,1.5
3944,incentives,1.3
3945,incompetence,-2.3
3946,incompetent,-2.1
3947,inconsiderate,-1.9
3948,inconvenience,-1.5
3949,inconvenient,-1.4
3950,increase,1.3
3951,increased,1.1
3952,indecision,-0.8
3953,indecisions,-1.1
3954,indecisive,-1.0
3955,indecisively,-0.7
3956,indecisiveness,-1.3
3957,indecisivenesses,-0.9
3958,indestructible,0.6
3959,indifference,-0.2
3960,indifferent,-0.8
3961,indignant,-1.8
3962,indignation,-2.4
3963,indoctrinate,-1.4
3964,indoctrinated,-0.4
3965,indoctrinates,-0.6
3966,indoctrinating,-0.7
3967,ineffective,-0.5
3968,ineffectively,-1.3
3969,ineffectiveness,-1.3
3970,ineffectual,-1.2
3971,ineffectuality,-1.6
3972,ineffectually,-1.1
3973,ineffectualness,-1.3
3974,infatuated,0.2
3975,infatuation,0.6
3976,infected,-2.2
3977,inferior,-1.7
3978,inferiorities,-1.9
3979,inferiority,-1.1
3980,inferiorly,-2.0
3981,inferiors,-0.5
3982,inflamed,-1.4
3983,influential,1.9
3984,infringement,-2.1
3985,infuriate,-2.2
3986,infuriated,-3.0
3987,infuriates,-2.6
3988,infuriating,-2.4
3989,inhibin,-0.2
3990,inhibit,-1.6
3991,inhibited,-0.4
3992,inhibiting,-0.4
3993,inhibition,-1.5
3994,inhibitions,-0.8
3995,inhibitive,-1.4
3996,inhibitor,-0.3
3997,inhibitors,-1.0
3998,inhibitory,-1.0
3999,inhibits,-0.9
4000,injured,-1.7
4001,injury,-1.8
4002,injustice,-2.7
4003,innocence,1.6
4004,innocency,1.9
4005,innocent,1.4
4006,innocenter,0.9
4007,innocently,1.4
4008,innocents,1.1
4009,innovate,2.2
4010,innovates,2.0
4011,innovation,1.6
4012,innovative,1.9
4013,inquisition,-1.2
4014,inquisitive,0.7
4015,insane,-1.7
4016,insanity,-2.7
4017,insecure,-1.8
4018,insecurely,-1.4
4019,insecureness,-1.8
4020,insecurities,-1.8
4021,insecurity,-1.8
4022,insensitive,-0.9
4023,insensitivity,-1.8
4024,insignificant,-1.4
4025,insincere,-1.8
4026,insincerely,-1.9
4027,insincerity,-1.4
4028,insipid,-2.0
4029,inspiration,2.4
4030,inspirational,2.3
4031,inspirationally,2.3
4032,inspirations,2.1
4033,inspirator,1.9
4034,inspirators,1.2
4035,inspiratory,1.5
4036,inspire,2.7
4037,inspired,2.2
4038,inspirer,2.2
4039,inspirers,2.0
4040,inspires,1.9
4041,inspiring,1.8
4042,inspiringly,2.6
4043,inspirit,1.9
4044,inspirited,1.3
4045,inspiriting,1.8
4046,inspiritingly,2.1
4047,inspirits,0.8
4048,insult,-2.3
4049,insulted,-2.3
4050,insulter,-2.0
4051,insulters,-2.0
4052,insulting,-2.2
4053,insultingly,-2.3
4054,insults,-1.8
4055,intact,0.8
4056,integrity,1.6
4057,intellect,2.0
4058,intellection,0.6
4059,intellections,0.8
4060,intellective,1.7
4061,intellectively,0.8
4062,intellects,1.8
4063,intellectual,2.3
4064,intellectualism,2.2
4065,intellectualist,2.0
4066,intellectualistic,1.3
4067,intellectualists,0.8
4068,intellectualities,1.7
4069,intellectuality,1.7
4070,intellectualization,1.5
4071,intellectualize,1.5
4072,intellectualized,1.2
4073,intellectualizes,1.8
4074,intellectualizing,0.8
4075,intellectually,1.4
4076,intellectualness,1.5
4077,intellectuals,1.6
4078,intelligence,2.1
4079,intelligencer,1.5
4080,intelligencers,1.6
4081,intelligences,1.6
4082,intelligent,2.0
4083,intelligential,1.9
4084,intelligently,2.0
4085,intelligentsia,1.5
4086,intelligibility,1.5
4087,intelligible,1.4
4088,intelligibleness,1.5
4089,intelligibly,1.2
4090,intense,0.3
4091,interest,2.0
4092,interested,1.7
4093,interestedly,1.5
4094,interesting,1.7
4095,interestingly,1.7
4096,interestingness,1.8
4097,interests,1.0
4098,interrogated,-1.6
4099,interrupt,-1.4
4100,interrupted,-1.2
4101,interrupter,-1.1
4102,interrupters,-1.3
4103,interruptible,-1.3
4104,interrupting,-1.2
4105,interruption,-1.5
4106,interruptions,-1.7
4107,interruptive,-1.4
4108,interruptor,-1.3
4109,interrupts,-1.3
4110,intimidate,-0.8
4111,intimidated,-1.9
4112,intimidates,-1.3
4113,intimidating,-1.9
4114,intimidatingly,-1.1
4115,intimidation,-1.8
4116,intimidations,-1.4
4117,intimidator,-1.6
4118,intimidators,-1.6
4119,intimidatory,-1.1
4120,intricate,0.6
4121,intrigues,0.9
4122,invigorate,1.9
4123,invigorated,0.8
4124,invigorates,2.1
4125,invigorating,2.1
4126,invigoratingly,2.0
4127,invigoration,1.5
4128,invigorations,1.2
4129,invigorator,1.1
4130,invigorators,1.2
4131,invincible,2.2
4132,invite,0.6
4133,inviting,1.3
4134,invulnerable,1.3
4135,irate,-2.9
4136,ironic,-0.5
4137,irony,-0.2
4138,irrational,-1.4
4139,irrationalism,-1.5
4140,irrationalist,-2.1
4141,irrationalists,-1.5
4142,irrationalities,-1.5
4143,irrationality,-1.7
4144,irrationally,-1.6
4145,irrationals,-1.1
4146,irresistible,1.4
4147,irresolute,-1.4
4148,irresponsible,-1.9
4149,irreversible,-0.8
4150,irritabilities,-1.7
4151,irritability,-1.4
4152,irritable,-2.1
4153,irritableness,-1.7
4154,irritably,-1.8
4155,irritant,-2.3
4156,irritants,-2.1
4157,irritate,-1.8
4158,irritated,-2.0
4159,irritates,-1.7
4160,irritating,-2.0
4161,irritatingly,-2.0
4162,irritation,-2.3
4163,irritations,-1.5
4164,irritative,-2.0
4165,isolatable,0.2
4166,isolate,-0.8
4167,isolated,-1.3
4168,isolates,-1.3
4169,isolation,-1.7
4170,isolationism,0.4
4171,isolationist,0.7
4172,isolations,-0.5
4173,isolator,-0.4
4174,isolators,-0.4
4175,itchy,-1.1
4176,jackass,-1.8
4177,jackasses,-2.8
4178,jaded,-1.6
4179,jailed,-2.2
4180,jaunty,1.2
4181,jealous,-2.0
4182,jealousies,-2.0
4183,jealously,-2.0
4184,jealousness,-1.7
4185,jealousy,-1.3
4186,jeopardy,-2.1
4187,jerk,-1.4
4188,jerked,-0.8
4189,jerks,-1.1
4190,jewel,1.5
4191,jewels,2.0
4192,jocular,1.2
4193,join,1.2
4194,joke,1.2
4195,joked,1.3
4196,joker,0.5
4197,jokes,1.0
4198,jokester,1.5
4199,jokesters,0.9
4200,jokey,1.1
4201,joking,0.9
4202,jollied,2.4
4203,jollier,2.4
4204,jollies,2.0
4205,jolliest,2.9
4206,jollification,2.2
4207,jollifications,2.0
4208,jollify,2.1
4209,jollily,2.7
4210,jolliness,2.5
4211,jollities,1.7
4212,jollity,1.8
4213,jolly,2.3
4214,jollying,2.3
4215,jovial,1.9
4216,joy,2.8
4217,joyance,2.3
4218,joyed,2.9
4219,joyful,2.9
4220,joyfuller,2.4
4221,joyfully,2.5
4222,joyfulness,2.7
4223,joying,2.5
4224,joyless,-2.5
4225,joylessly,-1.7
4226,joylessness,-2.7
4227,joyous,3.1
4228,joyously,2.9
4229,joyousness,2.8
4230,joypop,-0.2
4231,joypoppers,-0.1
4232,joyridden,0.6
4233,joyride,1.1
4234,joyrider,0.7
4235,joyriders,1.3
4236,joyrides,0.8
4237,joyriding,0.9
4238,joyrode,1.0
4239,joys,2.2
4240,joystick,0.7
4241,joysticks,0.2
4242,jubilant,3.0
4243,jumpy,-1.0
4244,justice,2.4
4245,justifiably,1.0
4246,justified,1.7
4247,keen,1.5
4248,keened,0.3
4249,keener,0.5
4250,keeners,0.6
4251,keenest,1.9
4252,keening,-0.7
4253,keenly,1.0
4254,keenness,1.4
4255,keens,0.1
4256,kewl,1.3
4257,kidding,0.4
4258,kill,-3.7
4259,killdeer,-1.1
4260,killdeers,-0.1
4261,killdees,-0.6
4262,killed,-3.5
4263,killer,-3.3
4264,killers,-3.3
4265,killick,0.1
4266,killie,-0.1
4267,killifish,-0.1
4268,killifishes,-0.1
4269,killing,-3.4
4270,killingly,-2.6
4271,killings,-3.5
4272,killjoy,-2.1
4273,killjoys,-1.7
4274,killock,-0.3
4275,killocks,-0.4
4276,kills,-2.5
4277,kind,2.4
4278,kinder,2.2
4279,kindly,2.2
4280,kindness,2.0
4281,kindnesses,2.3
4282,kiss,1.8
4283,kissable,2.0
4284,kissably,1.9
4285,kissed,1.6
4286,kisser,1.7
4287,kissers,1.5
4288,kisses,2.3
4289,kissing,2.7
4290,kissy,1.8
4291,kudos,2.3
4292,lack,-1.3
4293,lackadaisical,-1.6
4294,lag,-1.4
4295,lagged,-1.2
4296,lagging,-1.1
4297,lags,-1.5
4298,laidback,0.5
4299,lame,-1.8
4300,lamebrain,-1.6
4301,lamebrained,-2.5
4302,lamebrains,-1.2
4303,lamedh,0.1
4304,lamella,-0.1
4305,lamellae,-0.1
4306,lamellas,0.1
4307,lamellibranch,0.2
4308,lamellibranchs,-0.1
4309,lamely,-2.0
4310,lameness,-0.8
4311,lament,-2.0
4312,lamentable,-1.5
4313,lamentableness,-1.3
4314,lamentably,-1.5
4315,lamentation,-1.4
4316,lamentations,-1.9
4317,lamented,-1.4
4318,lamenter,-1.2
4319,lamenters,-0.5
4320,lamenting,-2.0
4321,laments,-1.5
4322,lamer,-1.4
4323,lames,-1.2
4324,lamest,-1.5
4325,landmark,0.3
4326,laugh,2.6
4327,laughable,0.2
4328,laughableness,1.2
4329,laughably,1.2
4330,laughed,2.0
4331,laugher,1.7
4332,laughers,1.7
4333,laughing,2.2
4334,laughingly,2.3
4335,laughings,1.9
4336,laughingstocks,-1.3
4337,laughs,2.2
4338,laughter,2.2
4339,laughters,2.2
4340,launched,0.5
4341,lawl,1.4
4342,lawsuit,-0.9
4343,lawsuits,-0.6
4344,lazier,-2.3
4345,laziest,-2.7
4346,lazy,-1.5
4347,leak,-1.4
4348,leaked,-1.3
4349,leave,-0.2
4350,leet,1.3
4351,legal,0.5
4352,legally,0.4
4353,lenient,1.1
4354,lethargic,-1.2
4355,lethargy,-1.4
4356,liabilities,-0.8
4357,liability,-0.8
4358,liar,-2.3
4359,liards,-0.4
4360,liars,-2.4
4361,libelous,-2.1
4362,libertarian,0.9
4363,libertarianism,0.4
4364,libertarianisms,0.1
4365,libertarians,0.1
4366,liberties,2.3
4367,libertinage,0.2
4368,libertine,-0.9
4369,libertines,0.4
4370,libertinisms,1.2
4371,liberty,2.4
4372,lied,-1.6
4373,lies,-1.8
4374,lifesaver,2.8
4375,lighthearted,1.8
4376,like,1.5
4377,likeable,2.0
4378,liked,1.8
4379,likes,1.8
4380,liking,1.7
4381,limitation,-1.2
4382,limited,-0.9
4383,litigation,-0.8
4384,litigious,-0.8
4385,livelier,1.7
4386,liveliest,2.1
4387,livelihood,0.8
4388,livelihoods,0.9
4389,livelily,1.8
4390,liveliness,1.6
4391,livelong,1.7
4392,lively,1.9
4393,livid,-2.5
4394,loathe,-2.2
4395,loathed,-2.1
4396,loathes,-1.9
4397,loathing,-2.7
4398,lobby,0.1
4399,lobbying,-0.3
4400,lone,-1.1
4401,lonelier,-1.4
4402,loneliest,-2.4
4403,loneliness,-1.8
4404,lonelinesses,-1.5
4405,lonely,-1.5
4406,loneness,-1.1
4407,loner,-1.3
4408,loners,-0.9
4409,lonesome,-1.5
4410,lonesomely,-1.3
4411,lonesomeness,-1.8
4412,lonesomes,-1.4
4413,longing,-0.1
4414,longingly,0.7
4415,longings,0.4
4416,loom,-0.9
4417,loomed,-1.1
4418,looming,-0.5
4419,looms,-0.6
4420,loose,-1.3
4421,looses,-0.6
4422,lose,-1.7
4423,loser,-2.4
4424,losers,-2.4
4425,loses,-1.3
4426,losing,-1.6
4427,loss,-1.3
4428,losses,-1.7
4429,lossy,-1.2
4430,lost,-1.3
4431,louse,-1.6
4432,loused,-1.0
4433,louses,-1.3
4434,lousewort,0.1
4435,louseworts,-0.6
4436,lousier,-2.2
4437,lousiest,-2.6
4438,lousily,-1.2
4439,lousiness,-1.7
4440,lousing,-1.1
4441,lousy,-2.5
4442,lovable,3.0
4443,love,3.2
4444,loved,2.9
4445,lovelies,2.2
4446,lovely,2.8
4447,lover,2.8
4448,loverly,2.8
4449,lovers,2.4
4450,loves,2.7
4451,loving,2.9
4452,lovingly,3.2
4453,lovingness,2.7
4454,low,-1.1
4455,lowball,-0.8
4456,lowballed,-1.5
4457,lowballing,-0.7
4458,lowballs,-1.2
4459,lowborn,-0.7
4460,lowboys,-0.6
4461,lowbred,-2.6
4462,lowbrow,-1.9
4463,lowbrows,-0.6
4464,lowdown,-0.8
4465,lowdowns,-0.2
4466,lowe,0.5
4467,lowed,-0.8
4468,lower,-1.2
4469,lowercase,0.3
4470,lowercased,-0.2
4471,lowerclassman,-0.4
4472,lowered,-0.5
4473,lowering,-1.0
4474,lowermost,-1.4
4475,lowers,-0.5
4476,lowery,-1.8
4477,lowest,-1.6
4478,lowing,-0.5
4479,lowish,-0.9
4480,lowland,-0.1
4481,lowlander,-0.4
4482,lowlanders,-0.3
4483,lowlands,-0.1
4484,lowlier,-1.7
4485,lowliest,-1.8
4486,lowlife,-1.5
4487,lowlifes,-2.2
4488,lowlight,-2.0
4489,lowlights,-0.3
4490,lowlihead,-0.3
4491,lowliness,-1.1
4492,lowlinesses,-1.2
4493,lowlives,-2.1
4494,lowly,-1.0
4495,lown,0.9
4496,lowness,-1.3
4497,lowrider,-0.2
4498,lowriders,0.1
4499,lows,-0.8
4500,lowse,-0.7
4501,loyal,2.1
4502,loyalism,1.0
4503,loyalisms,0.9
4504,loyalist,1.5
4505,loyalists,1.1
4506,loyally,2.1
4507,loyalties,1.9
4508,loyalty,2.5
4509,luck,2.0
4510,lucked,1.9
4511,luckie,1.6
4512,luckier,1.9
4513,luckiest,2.9
4514,luckily,2.3
4515,luckiness,1.0
4516,lucking,1.2
4517,luckless,-1.3
4518,lucks,1.6
4519,lucky,1.8
4520,ludicrous,-1.5
4521,ludicrously,-0.2
4522,ludicrousness,-1.9
4523,lugubrious,-2.1
4524,lulz,2.0
4525,lunatic,-2.2
4526,lunatics,-1.6
4527,lurk,-0.8
4528,lurking,-0.5
4529,lurks,-0.9
4530,lying,-2.4
4531,mad,-2.2
4532,maddening,-2.2
4533,madder,-1.2
4534,maddest,-2.8
4535,madly,-1.7
4536,madness,-1.9
4537,magnific,2.3
4538,magnifical,2.4
4539,magnifically,2.4
4540,magnification,1.0
4541,magnifications,1.2
4542,magnificence,2.4
4543,magnificences,2.3
4544,magnificent,2.9
4545,magnificently,3.4
4546,magnifico,1.8
4547,magnificoes,1.4
4548,mandatory,0.3
4549,maniac,-2.1
4550,maniacal,-0.3
4551,maniacally,-1.7
4552,maniacs,-1.2
4553,manipulated,-1.6
4554,manipulating,-1.5
4555,manipulation,-1.2
4556,marvel,1.8
4557,marvelous,2.9
4558,marvels,2.0
4559,masochism,-1.6
4560,masochisms,-1.1
4561,masochist,-1.7
4562,masochistic,-2.2
4563,masochistically,-1.6
4564,masochists,-1.2
4565,masterpiece,3.1
4566,masterpieces,2.5
4567,matter,0.0
4568,matters,0.0
4569,mature,1.8
4570,meaningful,1.3
4571,meaningless,-1.9
4572,medal,2.1
4573,mediocrity,-0.3
4574,meditative,1.4
4575,meh,-0.3
4576,melancholia,-0.5
4577,melancholiac,-2.0
4578,melancholias,-1.6
4579,melancholic,-0.3
4580,melancholics,-1.0
4581,melancholies,-1.1
4582,melancholy,-1.9
4583,menace,-2.2
4584,menaced,-1.7
4585,mercy,1.5
4586,merit,1.8
4587,merited,1.4
4588,meriting,1.1
4589,meritocracy,0.6
4590,meritocrat,0.4
4591,meritocrats,1.1
4592,meritorious,2.1
4593,meritoriously,1.3
4594,meritoriousness,1.7
4595,merits,1.7
4596,merrier,1.7
4597,merriest,2.7
4598,merrily,2.4
4599,merriment,2.4
4600,merriments,2.0
4601,merriness,2.2
4602,merry,2.5
4603,merrymaker,2.2
4604,merrymakers,1.7
4605,merrymaking,2.2
4606,merrymakings,2.4
4607,merrythought,1.1
4608,merrythoughts,1.6
4609,mess,-1.5
4610,messed,-1.4
4611,messy,-1.5
4612,methodical,0.6
4613,mindless,-1.9
4614,miracle,2.8
4615,mirth,2.6
4616,mirthful,2.7
4617,mirthfully,2.0
4618,misbehave,-1.9
4619,misbehaved,-1.6
4620,misbehaves,-1.6
4621,misbehaving,-1.7
4622,mischief,-1.5
4623,mischiefs,-0.8
4624,miser,-1.8
4625,miserable,-2.2
4626,miserableness,-2.8
4627,miserably,-2.1
4628,miserere,-0.8
4629,misericorde,0.1
4630,misericordes,-0.5
4631,miseries,-2.7
4632,miserliness,-2.6
4633,miserly,-1.4
4634,misers,-1.5
4635,misery,-2.7
4636,misgiving,-1.4
4637,misinformation,-1.3
4638,misinformed,-1.6
4639,misinterpreted,-1.3
4640,misleading,-1.7
4641,misread,-1.1
4642,misreporting,-1.5
4643,misrepresentation,-2.0
4644,miss,-0.6
4645,missed,-1.2
4646,misses,-0.9
4647,missing,-1.2
4648,mistakable,-0.8
4649,mistake,-1.4
4650,mistaken,-1.5
4651,mistakenly,-1.2
4652,mistaker,-1.6
4653,mistakers,-1.6
4654,mistakes,-1.5
4655,mistaking,-1.1
4656,misunderstand,-1.5
4657,misunderstanding,-1.8
4658,misunderstands,-1.3
4659,misunderstood,-1.4
4660,mlm,-1.4
4661,mmk,0.6
4662,moan,-0.6
4663,moaned,-0.4
4664,moaning,-0.4
4665,moans,-0.6
4666,mock,-1.8
4667,mocked,-1.3
4668,mocker,-0.8
4669,mockeries,-1.6
4670,mockers,-1.3
4671,mockery,-1.3
4672,mocking,-1.7
4673,mocks,-2.0
4674,molest,-2.1
4675,molestation,-1.9
4676,molestations,-2.9
4677,molested,-1.9
4678,molester,-2.3
4679,molesters,-2.2
4680,molesting,-2.8
4681,molests,-3.1
4682,mongering,-0.8
4683,monopolize,-0.8
4684,monopolized,-0.9
4685,monopolizes,-1.1
4686,monopolizing,-0.5
4687,mooch,-1.7
4688,mooched,-1.4
4689,moocher,-1.5
4690,moochers,-1.9
4691,mooches,-1.4
4692,mooching,-1.7
4693,moodier,-1.1
4694,moodiest,-2.1
4695,moodily,-1.3
4696,moodiness,-1.4
4697,moodinesses,-1.4
4698,moody,-1.5
4699,mope,-1.9
4700,moping,-1.0
4701,moron,-2.2
4702,moronic,-2.7
4703,moronically,-1.4
4704,moronity,-1.1
4705,morons,-1.3
4706,motherfucker,-3.6
4707,motherfucking,-2.8
4708,motivate,1.6
4709,motivated,2.0
4710,motivating,2.2
4711,motivation,1.4
4712,mourn,-1.8
4713,mourned,-1.3
4714,mourner,-1.6
4715,mourners,-1.8
4716,mournful,-1.6
4717,mournfuller,-1.9
4718,mournfully,-1.7
4719,mournfulness,-1.8
4720,mourning,-1.9
4721,mourningly,-2.3
4722,mourns,-2.4
4723,mumpish,-1.4
4724,murder,-3.7
4725,murdered,-3.4
4726,murderee,-3.2
4727,murderees,-3.1
4728,murderer,-3.6
4729,murderers,-3.3
4730,murderess,-2.2
4731,murderesses,-2.6
4732,murdering,-3.3
4733,murderous,-3.2
4734,murderously,-3.1
4735,murderousness,-2.9
4736,murders,-3.0
4737,n00b,-1.6
4738,nag,-1.5
4739,nagana,-1.7
4740,nagged,-1.7
4741,nagger,-1.8
4742,naggers,-1.5
4743,naggier,-1.4
4744,naggiest,-2.4
4745,nagging,-1.7
4746,naggingly,-0.9
4747,naggy,-1.7
4748,nags,-1.1
4749,nah,-0.4
4750,naive,-1.1
4751,nastic,0.2
4752,nastier,-2.3
4753,nasties,-2.1
4754,nastiest,-2.4
4755,nastily,-1.9
4756,nastiness,-1.1
4757,nastinesses,-2.6
4758,nasturtium,0.4
4759,nasturtiums,0.1
4760,nasty,-2.6
4761,natural,1.5
4762,neat,2.0
4763,neaten,1.2
4764,neatened,2.0
4765,neatening,1.3
4766,neatens,1.1
4767,neater,1.0
4768,neatest,1.7
4769,neath,0.2
4770,neatherd,-0.4
4771,neatly,1.4
4772,neatness,1.3
4773,neats,1.1
4774,needy,-1.4
4775,negative,-2.7
4776,negativity,-2.3
4777,neglect,-2.0
4778,neglected,-2.4
4779,neglecter,-1.7
4780,neglecters,-1.5
4781,neglectful,-2.0
4782,neglectfully,-2.1
4783,neglectfulness,-2.0
4784,neglecting,-1.7
4785,neglects,-2.2
4786,nerd,-1.2
4787,nerdier,-0.2
4788,nerdiest,0.6
4789,nerdish,-0.1
4790,nerdy,-0.2
4791,nerves,-0.4
4792,nervous,-1.1
4793,nervously,-0.6
4794,nervousness,-1.2
4795,neurotic,-1.4
4796,neurotically,-1.8
4797,neuroticism,-0.9
4798,neurotics,-0.7
4799,nice,1.8
4800,nicely,1.9
4801,niceness,1.6
4802,nicenesses,2.1
4803,nicer,1.9
4804,nicest,2.2
4805,niceties,1.5
4806,nicety,1.2
4807,nifty,1.7
4808,niggas,-1.4
4809,nigger,-3.3
4810,no,-1.2
4811,noble,2.0
4812,noisy,-0.7
4813,nonsense,-1.7
4814,noob,-0.2
4815,nosey,-0.8
4816,notorious,-1.9
4817,novel,1.3
4818,numb,-1.4
4819,numbat,0.2
4820,numbed,-0.9
4821,number,0.3
4822,numberable,0.6
4823,numbest,-1.0
4824,numbfish,-0.4
4825,numbfishes,-0.7
4826,numbing,-1.1
4827,numbingly,-1.3
4828,numbles,0.4
4829,numbly,-1.4
4830,numbness,-1.1
4831,numbs,-0.7
4832,numbskull,-2.3
4833,numbskulls,-2.2
4834,nurtural,1.5
4835,nurturance,1.6
4836,nurturances,1.3
4837,nurturant,1.7
4838,nurture,1.4
4839,nurtured,1.9
4840,nurturer,1.9
4841,nurturers,0.8
4842,nurtures,1.9
4843,nurturing,2.0
4844,nuts,-1.3
4845,o/\o,2.1
4846,o_0,-0.1
4847,obliterate,-2.9
4848,obliterated,-2.1
4849,obnoxious,-2.0
4850,obnoxiously,-2.3
4851,obnoxiousness,-2.1
4852,obscene,-2.8
4853,obsess,-1.0
4854,obsessed,-0.7
4855,obsesses,-1.0
4856,obsessing,-1.4
4857,obsession,-1.4
4858,obsessional,-1.5
4859,obsessionally,-1.3
4860,obsessions,-0.9
4861,obsessive,-0.9
4862,obsessively,-0.4
4863,obsessiveness,-1.2
4864,obsessives,-0.7
4865,obsolete,-1.2
4866,obstacle,-1.5
4867,obstacles,-1.6
4868,obstinate,-1.2
4869,odd,-1.3
4870,offence,-1.2
4871,offences,-1.4
4872,offend,-1.2
4873,offended,-1.0
4874,offender,-1.5
4875,offenders,-1.5
4876,offending,-2.3
4877,offends,-2.0
4878,offense,-1.0
4879,offenseless,0.7
4880,offenses,-1.5
4881,offensive,-2.0
4882,offensively,-2.8
4883,offensiveness,-2.3
4884,offensives,-0.8
4885,offline,-0.5
4886,okay,0.9
4887,okays,2.1
4888,ominous,-1.4
4889,once-in-a-lifetime,1.8
4890,openness,1.4
4891,opportune,1.7
4892,opportunely,1.5
4893,opportuneness,1.2
4894,opportunism,0.4
4895,opportunisms,0.2
4896,opportunist,0.2
4897,opportunistic,-0.1
4898,opportunistically,0.9
4899,opportunists,0.3
4900,opportunities,1.6
4901,opportunity,1.8
4902,oppressed,-2.1
4903,oppressive,-1.7
4904,optimal,1.5
4905,optimality,1.9
4906,optimally,1.3
4907,optimisation,1.6
4908,optimisations,1.8
4909,optimise,1.9
4910,optimised,1.7
4911,optimises,1.6
4912,optimising,1.7
4913,optimism,2.5
4914,optimisms,2.0
4915,optimist,2.4
4916,optimistic,1.3
4917,optimistically,2.1
4918,optimists,1.6
4919,optimization,1.6
4920,optimizations,0.9
4921,optimize,2.2
4922,optimized,2.0
4923,optimizer,1.5
4924,optimizers,2.1
4925,optimizes,1.8
4926,optimizing,2.0
4927,optionless,-1.7
4928,original,1.3
4929,outcry,-2.3
4930,outgoing,1.2
4931,outmaneuvered,0.5
4932,outrage,-2.3
4933,outraged,-2.5
4934,outrageous,-2.0
4935,outrageously,-1.2
4936,outrageousness,-1.2
4937,outrageousnesses,-1.3
4938,outrages,-2.3
4939,outraging,-2.0
4940,outreach,1.1
4941,outstanding,-0.5
4942,overjoyed,2.7
4943,overload,-1.5
4944,overlooked,-0.1
4945,overreact,-1.0
4946,overreacted,-1.7
4947,overreaction,-0.7
4948,overreacts,-2.2
4949,oversell,-0.9
4950,overselling,-0.8
4951,oversells,0.3
4952,oversimplification,0.2
4953,oversimplifies,0.1
4954,oversimplify,-0.6
4955,overstatement,-1.1
4956,overstatements,-0.7
4957,overweight,-1.5
4958,overwhelm,-0.7
4959,overwhelmed,0.2
4960,overwhelmingly,-0.5
4961,overwhelms,-0.8
4962,oxymoron,-0.5
4963,pain,-2.3
4964,pained,-1.8
4965,painful,-1.9
4966,painfuller,-1.7
4967,painfully,-2.4
4968,painfulness,-2.7
4969,paining,-1.7
4970,painless,1.2
4971,painlessly,1.1
4972,painlessness,0.4
4973,pains,-1.8
4974,palatable,1.6
4975,palatableness,0.8
4976,palatably,1.1
4977,panic,-2.3
4978,panicked,-2.0
4979,panicking,-1.9
4980,panicky,-1.5
4981,panicle,0.5
4982,panicled,0.1
4983,panicles,-0.2
4984,panics,-1.9
4985,paniculate,0.1
4986,panicums,-0.1
4987,paradise,3.2
4988,paradox,-0.4
4989,paranoia,-1.0
4990,paranoiac,-1.3
4991,paranoiacs,-0.7
4992,paranoias,-1.5
4993,paranoid,-1.0
4994,paranoids,-1.6
4995,pardon,1.3
4996,pardoned,0.9
4997,pardoning,1.7
4998,pardons,1.2
4999,parley,-0.4
5000,partied,1.4
5001,partier,1.4
5002,partiers,0.7
5003,parties,1.7
5004,party,1.7
5005,partyer,1.2
5006,partyers,1.1
5007,partying,1.6
5008,passion,2.0
5009,passional,1.6
5010,passionate,2.4
5011,passionately,2.4
5012,passionateness,2.3
5013,passionflower,0.3
5014,passionflowers,0.4
5015,passionless,-1.9
5016,passions,2.2
5017,passive,0.8
5018,passively,-0.7
5019,pathetic,-2.7
5020,pathetical,-1.2
5021,pathetically,-1.8
5022,pay,-0.4
5023,peace,2.5
5024,peaceable,1.7
5025,peaceableness,1.8
5026,peaceably,2.0
5027,peaceful,2.2
5028,peacefuller,1.9
5029,peacefullest,3.1
5030,peacefully,2.4
5031,peacefulness,2.1
5032,peacekeeper,1.6
5033,peacekeepers,1.6
5034,peacekeeping,2.0
5035,peacekeepings,1.6
5036,peacemaker,2.0
5037,peacemakers,2.4
5038,peacemaking,1.7
5039,peacenik,0.8
5040,peaceniks,0.7
5041,peaces,2.1
5042,peacetime,2.2
5043,peacetimes,2.1
5044,peculiar,0.6
5045,peculiarities,0.1
5046,peculiarity,0.6
5047,peculiarly,-0.4
5048,penalty,-2.0
5049,pensive,0.3
5050,perfect,2.7
5051,perfecta,1.4
5052,perfectas,0.6
5053,perfected,2.7
5054,perfecter,1.8
5055,perfecters,1.4
5056,perfectest,3.1
5057,perfectibilities,2.1
5058,perfectibility,1.8
5059,perfectible,1.5
5060,perfecting,2.3
5061,perfection,2.7
5062,perfectionism,1.3
5063,perfectionist,1.5
5064,perfectionistic,0.7
5065,perfectionists,0.1
5066,perfections,2.5
5067,perfective,1.2
5068,perfectively,2.1
5069,perfectiveness,0.9
5070,perfectives,0.9
5071,perfectivity,2.2
5072,perfectly,3.2
5073,perfectness,3.0
5074,perfecto,1.3
5075,perfects,1.6
5076,peril,-1.7
5077,perjury,-1.9
5078,perpetrator,-2.2
5079,perpetrators,-1.0
5080,perplexed,-1.3
5081,persecute,-2.1
5082,persecuted,-1.3
5083,persecutes,-1.2
5084,persecuting,-1.5
5085,perturbed,-1.4
5086,perverse,-1.8
5087,perversely,-2.2
5088,perverseness,-2.1
5089,perversenesses,-0.5
5090,perversion,-1.3
5091,perversions,-1.2
5092,perversities,-1.1
5093,perversity,-2.6
5094,perversive,-2.1
5095,pervert,-2.3
5096,perverted,-2.5
5097,pervertedly,-1.2
5098,pervertedness,-1.2
5099,perverter,-1.7
5100,perverters,-0.6
5101,perverting,-1.0
5102,perverts,-2.8
5103,pesky,-1.2
5104,pessimism,-1.5
5105,pessimisms,-2.0
5106,pessimist,-1.5
5107,pessimistic,-1.5
5108,pessimistically,-2.0
5109,pessimists,-1.0
5110,petrifaction,-1.9
5111,petrifactions,-0.3
5112,petrification,-0.1
5113,petrifications,-0.4
5114,petrified,-2.5
5115,petrifies,-2.3
5116,petrify,-1.7
5117,petrifying,-2.6
5118,pettier,-0.3
5119,pettiest,-1.3
5120,petty,-0.8
5121,phobia,-1.6
5122,phobias,-2.0
5123,phobic,-1.2
5124,phobics,-1.3
5125,picturesque,1.6
5126,pileup,-1.1
5127,pique,-1.1
5128,piqued,0.1
5129,piss,-1.7
5130,pissant,-1.5
5131,pissants,-2.5
5132,pissed,-3.2
5133,pisser,-2.0
5134,pissers,-1.4
5135,pisses,-1.4
5136,pissing,-1.7
5137,pissoir,-0.8
5138,piteous,-1.2
5139,pitiable,-1.1
5140,pitiableness,-1.1
5141,pitiably,-1.1
5142,pitied,-1.3
5143,pitier,-1.2
5144,pitiers,-1.3
5145,pities,-1.2
5146,pitiful,-2.2
5147,pitifuller,-1.8
5148,pitifullest,-1.1
5149,pitifully,-1.2
5150,pitifulness,-1.2
5151,pitiless,-1.8
5152,pitilessly,-2.1
5153,pitilessness,-0.5
5154,pity,-1.2
5155,pitying,-1.4
5156,pityingly,-1.0
5157,pityriasis,-0.8
5158,play,1.4
5159,played,1.4
5160,playful,1.9
5161,playfully,1.6
5162,playfulness,1.2
5163,playing,0.8
5164,plays,1.0
5165,pleasant,2.3
5166,pleasanter,1.5
5167,pleasantest,2.6
5168,pleasantly,2.1
5169,pleasantness,2.3
5170,pleasantnesses,2.3
5171,pleasantries,1.3
5172,pleasantry,2.0
5173,please,0.0
5174,pleased,1.9
5175,pleaser,1.7
5176,pleasers,1.0
5177,pleases,1.7
5178,pleasing,2.4
5179,pleasurability,1.9
5180,pleasurable,2.4
5181,pleasurableness,2.4
5182,pleasurably,2.6
5183,pleasure,2.7
5184,pleasured,2.3
5185,pleasureless,-1.6
5186,pleasures,1.9
5187,pleasuring,2.8
5188,poised,1.0
5189,poison,-2.5
5190,poisoned,-2.2
5191,poisoner,-2.7
5192,poisoners,-3.1
5193,poisoning,-2.8
5194,poisonings,-2.4
5195,poisonous,-2.7
5196,poisonously,-2.9
5197,poisons,-2.7
5198,poisonwood,-1.0
5199,pollute,-2.3
5200,polluted,-2.0
5201,polluter,-1.8
5202,polluters,-2.0
5203,pollutes,-2.2
5204,poor,-2.1
5205,poorer,-1.5
5206,poorest,-2.5
5207,popular,1.8
5208,popularise,1.6
5209,popularised,1.1
5210,popularises,0.5
5211,popularising,1.2
5212,popularities,1.6
5213,popularity,2.1
5214,popularization,1.3
5215,popularizations,0.9
5216,popularize,1.3
5217,popularized,1.9
5218,popularizer,1.8
5219,popularizers,1.0
5220,popularizes,1.4
5221,popularizing,1.5
5222,popularly,1.8
5223,positive,2.6
5224,positively,2.4
5225,positiveness,2.3
5226,positivenesses,2.2
5227,positiver,2.3
5228,positives,2.4
5229,positivest,2.9
5230,positivism,1.6
5231,positivisms,1.8
5232,positivist,2.0
5233,positivistic,1.9
5234,positivists,1.7
5235,positivities,2.6
5236,positivity,2.3
5237,possessive,-0.9
5238,postpone,-0.9
5239,postponed,-0.8
5240,postpones,-1.1
5241,postponing,-0.5
5242,poverty,-2.3
5243,powerful,1.8
5244,powerless,-2.2
5245,praise,2.6
5246,praised,2.2
5247,praiser,2.0
5248,praisers,2.0
5249,praises,2.4
5250,praiseworthily,1.9
5251,praiseworthiness,2.4
5252,praiseworthy,2.6
5253,praising,2.5
5254,pray,1.3
5255,praying,1.5
5256,prays,1.4
5257,prblm,-1.6
5258,prblms,-2.3
5259,precious,2.7
5260,preciously,2.2
5261,preciousness,1.9
5262,prejudice,-2.3
5263,prejudiced,-1.9
5264,prejudices,-1.8
5265,prejudicial,-2.6
5266,prejudicially,-1.5
5267,prejudicialness,-2.4
5268,prejudicing,-1.8
5269,prepared,1.1
5270,pressure,-1.2
5271,pressured,-0.9
5272,pressureless,1.0
5273,pressures,-1.3
5274,pressuring,-1.4
5275,pressurise,-0.6
5276,pressurised,-0.4
5277,pressurises,-0.8
5278,pressurising,-0.6
5279,pressurizations,-0.3
5280,pressurize,-0.7
5281,pressurized,0.1
5282,pressurizer,0.1
5283,pressurizers,-0.7
5284,pressurizes,-0.2
5285,pressurizing,-0.2
5286,pretend,-0.4
5287,pretending,0.4
5288,pretends,-0.4
5289,prettied,1.6
5290,prettier,2.1
5291,pretties,1.7
5292,prettiest,2.7
5293,pretty,2.2
5294,prevent,0.1
5295,prevented,0.1
5296,preventing,-0.1
5297,prevents,0.3
5298,prick,-1.4
5299,pricked,-0.6
5300,pricker,-0.3
5301,prickers,-0.2
5302,pricket,-0.5
5303,prickets,0.3
5304,pricking,-0.9
5305,prickle,-1.0
5306,prickled,-0.2
5307,prickles,-0.8
5308,pricklier,-1.6
5309,prickliest,-1.4
5310,prickliness,-0.6
5311,prickling,-0.8
5312,prickly,-0.9
5313,pricks,-0.9
5314,pricky,-0.6
5315,pride,1.4
5316,prison,-2.3
5317,prisoner,-2.5
5318,prisoners,-2.3
5319,privilege,1.5
5320,privileged,1.9
5321,privileges,1.6
5322,privileging,0.7
5323,prize,2.3
5324,prized,2.4
5325,prizefight,-0.1
5326,prizefighter,1.0
5327,prizefighters,-0.1
5328,prizefighting,0.4
5329,prizefights,0.3
5330,prizer,1.0
5331,prizers,0.8
5332,prizes,2.0
5333,prizewinner,2.3
5334,prizewinners,2.4
5335,prizewinning,3.0
5336,proactive,1.8
5337,problem,-1.7
5338,problematic,-1.9
5339,problematical,-1.8
5340,problematically,-2.0
5341,problematics,-1.3
5342,problems,-1.7
5343,profit,1.9
5344,profitabilities,1.1
5345,profitability,1.1
5346,profitable,1.9
5347,profitableness,2.4
5348,profitably,1.6
5349,profited,1.3
5350,profiteer,0.8
5351,profiteered,-0.5
5352,profiteering,-0.6
5353,profiteers,0.5
5354,profiter,0.7
5355,profiterole,0.4
5356,profiteroles,0.5
5357,profiting,1.6
5358,profitless,-1.5
5359,profits,1.9
5360,profitwise,0.9
5361,progress,3.0
5362,prominent,1.3
5363,promiscuities,-0.8
5364,promiscuity,-1.8
5365,promiscuous,-0.3
5366,promiscuously,-1.5
5367,promiscuousness,-0.9
5368,promise,1.3
5369,promised,1.5
5370,promisee,0.8
5371,promisees,1.1
5372,promiser,1.3
5373,promisers,1.6
5374,promises,1.6
5375,promising,1.7
5376,promisingly,1.2
5377,promisor,1.0
5378,promisors,0.4
5379,promissory,0.9
5380,promote,1.6
5381,promoted,1.8
5382,promotes,1.4
5383,promoting,1.5
5384,propaganda,-1.0
5385,prosecute,-1.7
5386,prosecuted,-1.6
5387,prosecutes,-1.8
5388,prosecution,-2.2
5389,prospect,1.2
5390,prospects,1.2
5391,prosperous,2.1
5392,protect,1.6
5393,protected,1.9
5394,protects,1.3
5395,protest,-1.0
5396,protested,-0.5
5397,protesters,-0.9
5398,protesting,-1.8
5399,protests,-0.9
5400,proud,2.1
5401,prouder,2.2
5402,proudest,2.6
5403,proudful,1.9
5404,proudhearted,1.4
5405,proudly,2.6
5406,provoke,-1.7
5407,provoked,-1.1
5408,provokes,-1.3
5409,provoking,-0.8
5410,pseudoscience,-1.2
5411,puke,-2.4
5412,puked,-1.8
5413,pukes,-1.9
5414,puking,-1.8
5415,pukka,2.8
5416,punish,-2.4
5417,punishabilities,-1.7
5418,punishability,-1.6
5419,punishable,-1.9
5420,punished,-2.0
5421,punisher,-1.9
5422,punishers,-2.6
5423,punishes,-2.1
5424,punishing,-2.6
5425,punishment,-2.2
5426,punishments,-1.8
5427,punitive,-2.3
5428,pushy,-1.1
5429,puzzled,-0.7
5430,quaking,-1.5
5431,questionable,-1.2
5432,questioned,-0.4
5433,questioning,-0.4
5434,racism,-3.1
5435,racist,-3.0
5436,racists,-2.5
5437,radian,0.4
5438,radiance,1.4
5439,radiances,1.1
5440,radiancies,0.8
5441,radiancy,1.4
5442,radians,0.2
5443,radiant,2.1
5444,radiantly,1.3
5445,radiants,1.2
5446,rage,-2.6
5447,raged,-2.0
5448,ragee,-0.4
5449,rageful,-2.8
5450,rages,-2.1
5451,raging,-2.4
5452,rainy,-0.3
5453,rancid,-2.5
5454,rancidity,-2.6
5455,rancidly,-2.5
5456,rancidness,-2.6
5457,rancidnesses,-1.6
5458,rant,-1.4
5459,ranter,-1.2
5460,ranters,-1.2
5461,rants,-1.3
5462,rape,-3.7
5463,raped,-3.6
5464,raper,-3.4
5465,rapers,-3.6
5466,rapes,-3.5
5467,rapeseeds,-0.5
5468,raping,-3.8
5469,rapist,-3.9
5470,rapists,-3.3
5471,rapture,0.6
5472,raptured,0.9
5473,raptures,0.7
5474,rapturous,1.7
5475,rash,-1.7
5476,ratified,0.6
5477,reach,0.1
5478,reached,0.4
5479,reaches,0.2
5480,reaching,0.8
5481,readiness,1.0
5482,ready,1.5
5483,reassurance,1.5
5484,reassurances,1.4
5485,reassure,1.4
5486,reassured,1.7
5487,reassures,1.5
5488,reassuring,1.7
5489,reassuringly,1.8
5490,rebel,-0.6
5491,rebeldom,-1.5
5492,rebelled,-1.0
5493,rebelling,-1.1
5494,rebellion,-0.5
5495,rebellions,-1.1
5496,rebellious,-1.2
5497,rebelliously,-1.8
5498,rebelliousness,-1.2
5499,rebels,-0.8
5500,recession,-1.8
5501,reckless,-3.0
5502,recommend,1.5
5503,recommended,0.8
5504,recommends,0.9
5505,redeemed,1.3
5506,reek,-2.4
5507,reeked,-2.0
5508,reeker,-1.7
5509,reekers,-1.5
5510,reeking,-2.0
5511,refuse,-1.2
5512,refused,-1.2
5513,refusing,-1.7
5514,regret,-1.8
5515,regretful,-1.9
5516,regretfully,-1.9
5517,regretfulness,-1.6
5518,regrets,-1.5
5519,regrettable,-2.3
5520,regrettably,-2.0
5521,regretted,-1.6
5522,regretter,-1.6
5523,regretters,-2.0
5524,regretting,-1.7
5525,reinvigorate,2.3
5526,reinvigorated,1.9
5527,reinvigorates,1.8
5528,reinvigorating,1.7
5529,reinvigoration,2.2
5530,reject,-1.7
5531,rejected,-2.3
5532,rejectee,-2.3
5533,rejectees,-1.8
5534,rejecter,-1.6
5535,rejecters,-1.8
5536,rejecting,-2.0
5537,rejectingly,-1.7
5538,rejection,-2.5
5539,rejections,-2.1
5540,rejective,-1.8
5541,rejector,-1.8
5542,rejects,-2.2
5543,rejoice,1.9
5544,rejoiced,2.0
5545,rejoices,2.1
5546,rejoicing,2.8
5547,relax,1.9
5548,relaxant,1.0
5549,relaxants,0.7
5550,relaxation,2.4
5551,relaxations,1.0
5552,relaxed,2.2
5553,relaxedly,1.5
5554,relaxedness,2.0
5555,relaxer,1.6
5556,relaxers,1.4
5557,relaxes,1.5
5558,relaxin,1.7
5559,relaxing,2.2
5560,relaxins,1.2
5561,relentless,0.2
5562,reliant,0.5
5563,relief,2.1
5564,reliefs,1.3
5565,relievable,1.1
5566,relieve,1.5
5567,relieved,1.6
5568,relievedly,1.4
5569,reliever,1.5
5570,relievers,1.0
5571,relieves,1.5
5572,relieving,1.5
5573,relievo,1.3
5574,relishing,1.6
5575,reluctance,-1.4
5576,reluctancy,-1.6
5577,reluctant,-1.0
5578,reluctantly,-0.4
5579,remarkable,2.6
5580,remorse,-1.1
5581,remorseful,-0.9
5582,remorsefully,-0.7
5583,remorsefulness,-0.7
5584,remorseless,-2.3
5585,remorselessly,-2.0
5586,remorselessness,-2.8
5587,repetitive,-1.0
5588,repress,-1.4
5589,repressed,-1.3
5590,represses,-1.3
5591,repressible,-1.5
5592,repressing,-1.8
5593,repression,-1.6
5594,repressions,-1.7
5595,repressive,-1.4
5596,repressively,-1.7
5597,repressiveness,-1.0
5598,repressor,-1.4
5599,repressors,-2.2
5600,repressurize,-0.3
5601,repressurized,0.1
5602,repressurizes,0.1
5603,repressurizing,-0.1
5604,repulse,-2.8
5605,repulsed,-2.2
5606,rescue,2.3
5607,rescued,1.8
5608,rescues,1.3
5609,resent,-0.7
5610,resented,-1.6
5611,resentence,-1.0
5612,resentenced,-0.8
5613,resentences,-0.6
5614,resentencing,0.2
5615,resentful,-2.1
5616,resentfully,-1.4
5617,resentfulness,-2.0
5618,resenting,-1.2
5619,resentment,-1.9
5620,resentments,-1.9
5621,resents,-1.2
5622,resign,-1.4
5623,resignation,-1.2
5624,resignations,-1.2
5625,resigned,-1.0
5626,resignedly,-0.7
5627,resignedness,-0.8
5628,resigner,-1.2
5629,resigners,-1.0
5630,resigning,-0.9
5631,resigns,-1.3
5632,resolute,1.1
5633,resolvable,1.0
5634,resolve,4.0
5635,resolved,4.0
5636,resolvent,0.7
5637,resolvents,0.4
5638,resolver,0.7
5639,resolvers,1.4
5640,resolves,0.7
5641,resolving,0.7
5642,respect,2.1
5643,respectabilities,1.8
5644,respectability,2.4
5645,respectable,1.9
5646,respectableness,1.2
5647,respectably,1.7
5648,respected,2.1
5649,respecter,2.1
5650,respecters,1.6
5651,respectful,2.0
5652,respectfully,0.0
5653,respectfulness,1.9
5654,respectfulnesses,1.3
5655,respecting,2.2
5656,respective,1.8
5657,respectively,1.4
5658,respectiveness,1.1
5659,respects,1.3
5660,responsible,1.3
5661,responsive,1.5
5662,restful,1.5
5663,restless,-1.1
5664,restlessly,-1.4
5665,restlessness,-1.2
5666,restore,1.2
5667,restored,1.4
5668,restores,1.2
5669,restoring,1.2
5670,restrict,-1.6
5671,restricted,-1.6
5672,restricting,-1.6
5673,restriction,-1.1
5674,restricts,-1.3
5675,retained,0.1
5676,retard,-2.4
5677,retarded,-2.7
5678,retreat,0.8
5679,revenge,-2.4
5680,revenged,-0.9
5681,revengeful,-2.4
5682,revengefully,-1.4
5683,revengefulness,-2.2
5684,revenger,-2.1
5685,revengers,-2.0
5686,revenges,-1.9
5687,revered,2.3
5688,revive,1.4
5689,revives,1.6
5690,reward,2.7
5691,rewardable,2.0
5692,rewarded,2.2
5693,rewarder,1.6
5694,rewarders,1.9
5695,rewarding,2.4
5696,rewardingly,2.4
5697,rewards,2.1
5698,rich,2.6
5699,richened,1.9
5700,richening,1.0
5701,richens,0.8
5702,richer,2.4
5703,riches,2.4
5704,richest,2.4
5705,richly,1.9
5706,richness,2.2
5707,richnesses,2.1
5708,richweed,0.1
5709,richweeds,-0.1
5710,ridicule,-2.0
5711,ridiculed,-1.5
5712,ridiculer,-1.6
5713,ridiculers,-1.6
5714,ridicules,-1.8
5715,ridiculing,-1.8
5716,ridiculous,-1.5
5717,ridiculously,-1.4
5718,ridiculousness,-1.1
5719,ridiculousnesses,-1.6
5720,rig,-0.5
5721,rigged,-1.5
5722,rigid,-0.5
5723,rigidification,-1.1
5724,rigidifications,-0.8
5725,rigidified,-0.7
5726,rigidifies,-0.6
5727,rigidify,-0.3
5728,rigidities,-0.7
5729,rigidity,-0.7
5730,rigidly,-0.7
5731,rigidness,-0.3
5732,rigorous,-1.1
5733,rigorously,-0.4
5734,riot,-2.6
5735,riots,-2.3
5736,risk,-1.1
5737,risked,-0.9
5738,risker,-0.8
5739,riskier,-1.4
5740,riskiest,-1.5
5741,riskily,-0.7
5742,riskiness,-1.3
5743,riskinesses,-1.6
5744,risking,-1.3
5745,riskless,1.3
5746,risks,-1.1
5747,risky,-0.8
5748,rob,-2.6
5749,robber,-2.6
5750,robed,-0.7
5751,robing,-1.5
5752,robs,-2.0
5753,robust,1.4
5754,roflcopter,2.1
5755,romance,2.6
5756,romanced,2.2
5757,romancer,1.3
5758,romancers,1.7
5759,romances,1.3
5760,romancing,2.0
5761,romantic,1.7
5762,romantically,1.8
5763,romanticise,1.7
5764,romanticised,1.7
5765,romanticises,1.3
5766,romanticising,2.7
5767,romanticism,2.2
5768,romanticisms,2.1
5769,romanticist,1.9
5770,romanticists,1.3
5771,romanticization,1.5
5772,romanticizations,2.0
5773,romanticize,1.8
5774,romanticized,0.9
5775,romanticizes,1.8
5776,romanticizing,1.2
5777,romantics,1.9
5778,rotten,-2.3
5779,rude,-2.0
5780,rudely,-2.2
5781,rudeness,-1.5
5782,ruder,-2.1
5783,ruderal,-0.8
5784,ruderals,-0.4
5785,rudesby,-2.0
5786,rudest,-2.5
5787,ruin,-2.8
5788,ruinable,-1.6
5789,ruinate,-2.8
5790,ruinated,-1.5
5791,ruinates,-1.5
5792,ruinating,-1.5
5793,ruination,-2.7
5794,ruinations,-1.6
5795,ruined,-2.1
5796,ruiner,-2.0
5797,ruing,-1.6
5798,ruining,-1.0
5799,ruinous,-2.7
5800,ruinously,-2.6
5801,ruinousness,-1.0
5802,ruins,-1.9
5803,sabotage,-2.4
5804,sad,-2.1
5805,sadden,-2.6
5806,saddened,-2.4
5807,saddening,-2.2
5808,saddens,-1.9
5809,sadder,-2.4
5810,saddest,-3.0
5811,sadly,-1.8
5812,sadness,-1.9
5813,safe,1.9
5814,safecracker,-0.7
5815,safecrackers,-0.9
5816,safecracking,-0.9
5817,safecrackings,-0.7
5818,safeguard,1.6
5819,safeguarded,1.5
5820,safeguarding,1.1
5821,safeguards,1.4
5822,safekeeping,1.4
5823,safelight,1.1
5824,safelights,0.8
5825,safely,2.2
5826,safeness,1.5
5827,safer,1.8
5828,safes,0.4
5829,safest,1.7
5830,safeties,1.5
5831,safety,1.8
5832,safetyman,0.3
5833,salient,1.1
5834,sappy,-1.0
5835,sarcasm,-0.9
5836,sarcasms,-0.9
5837,sarcastic,-1.0
5838,sarcastically,-1.1
5839,satisfaction,1.9
5840,satisfactions,2.1
5841,satisfactorily,1.6
5842,satisfactoriness,1.5
5843,satisfactory,1.5
5844,satisfiable,1.9
5845,satisfied,1.8
5846,satisfies,1.8
5847,satisfy,2.0
5848,satisfying,2.0
5849,satisfyingly,1.9
5850,savage,-2.0
5851,savaged,-2.0
5852,savagely,-2.2
5853,savageness,-2.6
5854,savagenesses,-0.9
5855,savageries,-1.9
5856,savagery,-2.5
5857,savages,-2.4
5858,save,2.2
5859,saved,1.8
5860,scam,-2.7
5861,scams,-2.8
5862,scandal,-1.9
5863,scandalous,-2.4
5864,scandals,-2.2
5865,scapegoat,-1.7
5866,scapegoats,-1.4
5867,scare,-2.2
5868,scarecrow,-0.8
5869,scarecrows,-0.7
5870,scared,-1.9
5871,scaremonger,-2.1
5872,scaremongers,-2.0
5873,scarer,-1.7
5874,scarers,-1.3
5875,scares,-1.4
5876,scarey,-1.7
5877,scaring,-1.9
5878,scary,-2.2
5879,sceptic,-1.0
5880,sceptical,-1.2
5881,scepticism,-0.8
5882,sceptics,-0.7
5883,scold,-1.7
5884,scoop,0.6
5885,scorn,-1.7
5886,scornful,-1.8
5887,scream,-1.7
5888,screamed,-1.3
5889,screamers,-1.5
5890,screaming,-1.6
5891,screams,-1.2
5892,screw,-0.4
5893,screwball,-0.2
5894,screwballs,-0.3
5895,screwbean,0.3
5896,screwdriver,0.3
5897,screwdrivers,0.1
5898,screwed,-2.2
5899,screwed up,-1.5
5900,screwer,-1.2
5901,screwers,-0.5
5902,screwier,-0.6
5903,screwiest,-2.0
5904,screwiness,-0.5
5905,screwing,-0.9
5906,screwlike,0.1
5907,screws,-1.0
5908,screwup,-1.7
5909,screwups,-1.0
5910,screwworm,-0.4
5911,screwworms,-0.1
5912,screwy,-1.4
5913,scrumptious,2.1
5914,scrumptiously,1.5
5915,scumbag,-3.2
5916,secure,1.4
5917,secured,1.7
5918,securely,1.4
5919,securement,1.1
5920,secureness,1.4
5921,securer,1.5
5922,securers,0.6
5923,secures,1.3
5924,securest,2.6
5925,securing,1.3
5926,securities,1.2
5927,securitization,0.2
5928,securitizations,0.1
5929,securitize,0.3
5930,securitized,1.4
5931,securitizes,1.6
5932,securitizing,0.7
5933,security,1.4
5934,sedition,-1.8
5935,seditious,-1.7
5936,seduced,-1.5
5937,self-confident,2.5
5938,selfish,-2.1
5939,selfishly,-1.4
5940,selfishness,-1.7
5941,selfishnesses,-2.0
5942,sentence,0.3
5943,sentenced,-0.1
5944,sentences,0.2
5945,sentencing,-0.6
5946,sentimental,1.3
5947,sentimentalise,1.2
5948,sentimentalised,0.8
5949,sentimentalising,0.4
5950,sentimentalism,1.0
5951,sentimentalisms,0.4
5952,sentimentalist,0.8
5953,sentimentalists,0.7
5954,sentimentalities,0.9
5955,sentimentality,1.2
5956,sentimentalization,1.2
5957,sentimentalizations,0.4
5958,sentimentalize,0.8
5959,sentimentalized,1.1
5960,sentimentalizes,1.1
5961,sentimentalizing,0.8
5962,sentimentally,1.9
5963,serene,2.0
5964,serious,-0.3
5965,seriously,-0.7
5966,seriousness,-0.2
5967,severe,-1.6
5968,severed,-1.5
5969,severely,-2.0
5970,severeness,-1.0
5971,severer,-1.6
5972,severest,-1.5
5973,sexy,2.4
5974,shake,-0.7
5975,shakeable,-0.3
5976,shakedown,-1.2
5977,shakedowns,-1.4
5978,shaken,-0.3
5979,shakeout,-1.3
5980,shakeouts,-0.8
5981,shakers,0.3
5982,shakeup,-0.6
5983,shakeups,-0.5
5984,shakier,-0.9
5985,shakiest,-1.2
5986,shakily,-0.7
5987,shakiness,-0.7
5988,shaking,-0.7
5989,shaky,-0.9
5990,shame,-2.1
5991,shamed,-2.6
5992,shamefaced,-2.3
5993,shamefacedly,-1.9
5994,shamefacedness,-2.0
5995,shamefast,-1.0
5996,shameful,-2.2
5997,shamefully,-1.9
5998,shamefulness,-2.4
5999,shamefulnesses,-2.3
6000,shameless,-1.4
6001,shamelessly,-1.4
6002,shamelessness,-1.4
6003,shamelessnesses,-2.0
6004,shames,-1.7
6005,share,1.2
6006,shared,1.4
6007,shares,1.2
6008,sharing,1.8
6009,shattered,-2.1
6010,shit,-2.6
6011,shitake,-0.3
6012,shitakes,-1.1
6013,shithead,-3.1
6014,shitheads,-2.6
6015,shits,-2.1
6016,shittah,0.1
6017,shitted,-1.7
6018,shittier,-2.1
6019,shittiest,-3.4
6020,shittim,-0.6
6021,shittimwood,-0.3
6022,shitting,-1.8
6023,shitty,-2.6
6024,shock,-1.6
6025,shockable,-1.0
6026,shocked,-1.3
6027,shocker,-0.6
6028,shockers,-1.1
6029,shocking,-1.7
6030,shockingly,-0.7
6031,shockproof,1.3
6032,shocks,-1.6
6033,shook,-0.4
6034,shoot,-1.4
6035,short-sighted,-1.2
6036,short-sightedness,-1.1
6037,shortage,-1.0
6038,shortages,-0.6
6039,shrew,-0.9
6040,shy,-1.0
6041,shyer,-0.8
6042,shying,-0.9
6043,shylock,-2.1
6044,shylocked,-0.7
6045,shylocking,-1.5
6046,shylocks,-1.4
6047,shyly,-0.7
6048,shyness,-1.3
6049,shynesses,-1.2
6050,shyster,-1.6
6051,shysters,-0.9
6052,sick,-2.3
6053,sicken,-1.9
6054,sickened,-2.5
6055,sickener,-2.2
6056,sickeners,-2.2
6057,sickening,-2.4
6058,sickeningly,-2.1
6059,sickens,-2.0
6060,sigh,0.1
6061,significance,1.1
6062,significant,0.8
6063,silencing,-0.5
6064,sillibub,-0.1
6065,sillier,1.0
6066,sillies,0.8
6067,silliest,0.8
6068,sillily,-0.1
6069,sillimanite,0.1
6070,sillimanites,0.2
6071,silliness,-0.9
6072,sillinesses,-1.2
6073,silly,0.1
6074,sin,-2.6
6075,sincere,1.7
6076,sincerely,2.1
6077,sincereness,1.8
6078,sincerer,2.0
6079,sincerest,2.0
6080,sincerities,1.5
6081,sinful,-2.6
6082,singleminded,1.2
6083,sinister,-2.9
6084,sins,-2.0
6085,skeptic,-0.9
6086,skeptical,-1.3
6087,skeptically,-1.2
6088,skepticism,-1.0
6089,skepticisms,-1.2
6090,skeptics,-0.4
6091,slam,-1.6
6092,slash,-1.1
6093,slashed,-0.9
6094,slashes,-0.8
6095,slashing,-1.1
6096,slavery,-3.8
6097,sleeplessness,-1.6
6098,slicker,0.4
6099,slickest,0.3
6100,sluggish,-1.7
6101,slut,-2.8
6102,sluts,-2.7
6103,sluttier,-2.7
6104,sluttiest,-3.1
6105,sluttish,-2.2
6106,sluttishly,-2.1
6107,sluttishness,-2.5
6108,sluttishnesses,-2.0
6109,slutty,-2.3
6110,smart,1.7
6111,smartass,-2.1
6112,smartasses,-1.7
6113,smarted,0.7
6114,smarten,1.9
6115,smartened,1.5
6116,smartening,1.7
6117,smartens,1.5
6118,smarter,2.0
6119,smartest,3.0
6120,smartie,1.3
6121,smarties,1.7
6122,smarting,-0.7
6123,smartly,1.5
6124,smartness,2.0
6125,smartnesses,1.5
6126,smarts,1.6
6127,smartweed,0.2
6128,smartweeds,0.1
6129,smarty,1.1
6130,smear,-1.5
6131,smilax,0.6
6132,smilaxes,0.3
6133,smile,1.5
6134,smiled,2.5
6135,smileless,-1.4
6136,smiler,1.7
6137,smiles,2.1
6138,smiley,1.7
6139,smileys,1.5
6140,smiling,2.0
6141,smilingly,2.3
6142,smog,-1.2
6143,smother,-1.8
6144,smothered,-0.9
6145,smothering,-1.4
6146,smothers,-1.9
6147,smothery,-1.1
6148,smug,0.8
6149,smugger,-1.0
6150,smuggest,-1.5
6151,smuggle,-1.6
6152,smuggled,-1.5
6153,smuggler,-2.1
6154,smugglers,-1.4
6155,smuggles,-1.7
6156,smuggling,-2.1
6157,smugly,0.2
6158,smugness,-1.4
6159,smugnesses,-1.7
6160,sneaky,-0.9
6161,snob,-2.0
6162,snobbery,-2.0
6163,snobbier,-0.7
6164,snobbiest,-0.5
6165,snobbily,-1.6
6166,snobbish,-0.9
6167,snobbishly,-1.2
6168,snobbishness,-1.1
6169,snobbishnesses,-1.7
6170,snobbism,-1.0
6171,snobbisms,-0.3
6172,snobby,-1.7
6173,snobs,-1.4
6174,snub,-1.8
6175,snubbed,-2.0
6176,snubbing,-0.9
6177,snubs,-2.1
6178,sobbed,-1.9
6179,sobbing,-1.6
6180,sobering,-0.8
6181,sobs,-2.5
6182,sociabilities,1.2
6183,sociability,1.1
6184,sociable,1.9
6185,sociableness,1.5
6186,sociably,1.6
6187,sok,1.3
6188,solemn,-0.3
6189,solemnified,-0.5
6190,solemnifies,-0.5
6191,solemnify,0.3
6192,solemnifying,0.1
6193,solemnities,0.3
6194,solemnity,-1.1
6195,solemnization,0.7
6196,solemnize,0.3
6197,solemnized,-0.7
6198,solemnizes,0.6
6199,solemnizing,-0.6
6200,solemnly,0.8
6201,solid,0.6
6202,solidarity,1.2
6203,solution,1.3
6204,solutions,0.7
6205,solve,0.8
6206,solved,1.1
6207,solves,1.1
6208,solving,1.4
6209,somber,-1.8
6210,son-of-a-bitch,-2.7
6211,soothe,1.5
6212,soothed,0.5
6213,soothing,1.3
6214,sophisticated,2.6
6215,sore,-1.5
6216,sorrow,-2.4
6217,sorrowed,-2.4
6218,sorrower,-2.3
6219,sorrowful,-2.2
6220,sorrowfully,-2.3
6221,sorrowfulness,-2.5
6222,sorrowing,-1.7
6223,sorrows,-1.6
6224,sorry,-0.3
6225,soulmate,2.9
6226,spam,-1.5
6227,spammer,-2.2
6228,spammers,-1.6
6229,spamming,-2.1
6230,spark,0.9
6231,sparkle,1.8
6232,sparkles,1.3
6233,sparkling,1.2
6234,special,1.7
6235,speculative,0.4
6236,spirit,0.7
6237,spirited,1.3
6238,spiritless,-1.3
6239,spite,-2.4
6240,spited,-2.4
6241,spiteful,-1.9
6242,spitefully,-2.3
6243,spitefulness,-1.5
6244,spitefulnesses,-2.3
6245,spites,-1.4
6246,splendent,2.7
6247,splendid,2.8
6248,splendidly,2.1
6249,splendidness,2.3
6250,splendiferous,2.6
6251,splendiferously,1.9
6252,splendiferousness,1.7
6253,splendor,3.0
6254,splendorous,2.2
6255,splendors,2.0
6256,splendour,2.2
6257,splendours,2.2
6258,splendrous,2.2
6259,sprightly,2.0
6260,squelched,-1.0
6261,stab,-2.8
6262,stabbed,-1.9
6263,stable,1.2
6264,stabs,-1.9
6265,stall,-0.8
6266,stalled,-0.8
6267,stalling,-0.8
6268,stamina,1.2
6269,stammer,-0.9
6270,stammered,-0.9
6271,stammerer,-1.1
6272,stammerers,-0.8
6273,stammering,-1.0
6274,stammers,-0.8
6275,stampede,-1.8
6276,stank,-1.9
6277,startle,-1.3
6278,startled,-0.7
6279,startlement,-0.5
6280,startlements,0.2
6281,startler,-0.8
6282,startlers,-0.5
6283,startles,-0.5
6284,startling,0.3
6285,startlingly,-0.3
6286,starve,-1.9
6287,starved,-2.6
6288,starves,-2.3
6289,starving,-1.8
6290,steadfast,1.0
6291,steal,-2.2
6292,stealable,-1.7
6293,stealer,-1.7
6294,stealers,-2.2
6295,stealing,-2.7
6296,stealings,-1.9
6297,steals,-2.3
6298,stealth,-0.3
6299,stealthier,-0.3
6300,stealthiest,0.4
6301,stealthily,0.1
6302,stealthiness,0.2
6303,stealths,-0.3
6304,stealthy,-0.1
6305,stench,-2.3
6306,stenches,-1.5
6307,stenchful,-2.4
6308,stenchy,-2.3
6309,stereotype,-1.3
6310,stereotyped,-1.2
6311,stifled,-1.4
6312,stimulate,0.9
6313,stimulated,0.9
6314,stimulates,1.0
6315,stimulating,1.9
6316,stingy,-1.6
6317,stink,-1.7
6318,stinkard,-2.3
6319,stinkards,-1.0
6320,stinkbug,-0.2
6321,stinkbugs,-1.0
6322,stinker,-1.5
6323,stinkers,-1.2
6324,stinkhorn,-0.2
6325,stinkhorns,-0.8
6326,stinkier,-1.5
6327,stinkiest,-2.1
6328,stinking,-2.4
6329,stinkingly,-1.3
6330,stinko,-1.5
6331,stinkpot,-2.5
6332,stinkpots,-0.7
6333,stinks,-1.0
6334,stinkweed,-0.4
6335,stinkwood,-0.1
6336,stinky,-1.5
6337,stolen,-2.2
6338,stop,-1.2
6339,stopped,-0.9
6340,stopping,-0.6
6341,stops,-0.6
6342,stout,0.7
6343,straight,0.9
6344,strain,-0.2
6345,strained,-1.7
6346,strainer,-0.8
6347,strainers,-0.3
6348,straining,-1.3
6349,strains,-1.2
6350,strange,-0.8
6351,strangely,-1.2
6352,strangled,-2.5
6353,strength,2.2
6354,strengthen,1.3
6355,strengthened,1.8
6356,strengthener,1.8
6357,strengtheners,1.4
6358,strengthening,2.2
6359,strengthens,2.0
6360,strengths,1.7
6361,stress,-1.8
6362,stressed,-1.4
6363,stresses,-2.0
6364,stressful,-2.3
6365,stressfully,-2.6
6366,stressing,-1.5
6367,stressless,1.6
6368,stresslessness,1.6
6369,stressor,-1.8
6370,stressors,-2.1
6371,stricken,-2.3
6372,strike,-0.5
6373,strikers,-0.6
6374,strikes,-1.5
6375,strong,2.3
6376,strongbox,0.7
6377,strongboxes,0.3
6378,stronger,1.6
6379,strongest,1.9
6380,stronghold,0.5
6381,strongholds,1.0
6382,strongish,1.7
6383,strongly,1.1
6384,strongman,0.7
6385,strongmen,0.5
6386,strongyl,0.6
6387,strongyles,0.2
6388,strongyloidosis,-0.8
6389,strongyls,0.1
6390,struck,-1.0
6391,struggle,-1.3
6392,struggled,-1.4
6393,struggler,-1.1
6394,strugglers,-1.4
6395,struggles,-1.5
6396,struggling,-1.8
6397,stubborn,-1.7
6398,stubborner,-1.5
6399,stubbornest,-0.6
6400,stubbornly,-1.4
6401,stubbornness,-1.1
6402,stubbornnesses,-1.5
6403,stuck,-1.0
6404,stunk,-1.6
6405,stunned,-0.4
6406,stunning,1.6
6407,stuns,0.1
6408,stupid,-2.4
6409,stupider,-2.5
6410,stupidest,-2.4
6411,stupidities,-2.0
6412,stupidity,-1.9
6413,stupidly,-2.0
6414,stupidness,-1.7
6415,stupidnesses,-2.6
6416,stupids,-2.3
6417,stutter,-1.0
6418,stuttered,-0.9
6419,stutterer,-1.0
6420,stutterers,-1.1
6421,stuttering,-1.3
6422,stutters,-1.0
6423,suave,2.0
6424,submissive,-1.3
6425,submissively,-1.0
6426,submissiveness,-0.7
6427,substantial,0.8
6428,subversive,-0.9
6429,succeed,2.2
6430,succeeded,1.8
6431,succeeder,1.2
6432,succeeders,1.3
6433,succeeding,2.2
6434,succeeds,2.2
6435,success,2.7
6436,successes,2.6
6437,successful,2.8
6438,successfully,2.2
6439,successfulness,2.7
6440,succession,0.8
6441,successional,0.9
6442,successionally,1.1
6443,successions,0.1
6444,successive,1.1
6445,successively,0.9
6446,successiveness,1.0
6447,successor,0.9
6448,successors,1.1
6449,suck,-1.9
6450,sucked,-2.0
6451,sucker,-2.4
6452,suckered,-2.0
6453,suckering,-2.1
6454,suckers,-2.3
6455,sucks,-1.5
6456,sucky,-1.9
6457,suffer,-2.5
6458,suffered,-2.2
6459,sufferer,-2.0
6460,sufferers,-2.4
6461,suffering,-2.1
6462,suffers,-2.1
6463,suicidal,-3.5
6464,suicide,-3.5
6465,suing,-1.1
6466,sulking,-1.5
6467,sulky,-0.8
6468,sullen,-1.7
6469,sunnier,2.3
6470,sunniest,2.4
6471,sunny,1.8
6472,sunshine,2.2
6473,sunshiny,1.9
6474,super,2.9
6475,superb,3.1
6476,superior,2.5
6477,superiorities,0.8
6478,superiority,1.4
6479,superiorly,2.2
6480,superiors,1.0
6481,support,1.7
6482,supported,1.3
6483,supporter,1.1
6484,supporters,1.9
6485,supporting,1.9
6486,supportive,1.2
6487,supportiveness,1.5
6488,supports,1.5
6489,supremacies,0.8
6490,supremacist,0.5
6491,supremacists,-1.0
6492,supremacy,0.2
6493,suprematists,0.4
6494,supreme,2.6
6495,supremely,2.7
6496,supremeness,2.3
6497,supremer,2.3
6498,supremest,2.2
6499,supremo,1.9
6500,supremos,1.3
6501,sure,1.3
6502,surefire,1.0
6503,surefooted,1.9
6504,surefootedly,1.6
6505,surefootedness,1.5
6506,surely,1.9
6507,sureness,2.0
6508,surer,1.2
6509,surest,1.3
6510,sureties,1.3
6511,surety,1.0
6512,suretyship,-0.1
6513,suretyships,0.4
6514,surprisal,1.5
6515,surprisals,0.7
6516,surprise,1.1
6517,surprised,0.9
6518,surpriser,0.6
6519,surprisers,0.3
6520,surprises,0.9
6521,surprising,1.1
6522,surprisingly,1.2
6523,survived,2.3
6524,surviving,1.2
6525,survivor,1.5
6526,suspect,-1.2
6527,suspected,-0.9
6528,suspecting,-0.7
6529,suspects,-1.4
6530,suspend,-1.3
6531,suspended,-2.1
6532,suspicion,-1.6
6533,suspicions,-1.5
6534,suspicious,-1.5
6535,suspiciously,-1.7
6536,suspiciousness,-1.2
6537,sux,-1.5
6538,swear,-0.2
6539,swearing,-1.0
6540,swears,0.2
6541,sweet,2.0
6542,sweet<3,3.0
6543,sweetheart,3.3
6544,sweethearts,2.8
6545,sweetie,2.2
6546,sweeties,2.1
6547,sweetly,2.1
6548,sweetness,2.2
6549,sweets,2.2
6550,swift,0.8
6551,swiftly,1.2
6552,swindle,-2.4
6553,swindles,-1.5
6554,swindling,-2.0
6555,sympathetic,2.3
6556,sympathy,1.5
6557,talent,1.8
6558,talented,2.3
6559,talentless,-1.6
6560,talents,2.0
6561,tantrum,-1.8
6562,tantrums,-1.5
6563,tard,-2.5
6564,tears,-0.9
6565,teas,0.3
6566,tease,-1.3
6567,teased,-1.2
6568,teasel,-0.1
6569,teaseled,-0.8
6570,teaseler,-0.8
6571,teaselers,-1.2
6572,teaseling,-0.4
6573,teaselled,-0.4
6574,teaselling,-0.2
6575,teasels,-0.1
6576,teaser,-1.0
6577,teasers,-0.7
6578,teases,-1.2
6579,teashops,0.2
6580,teasing,-0.3
6581,teasingly,-0.4
6582,teaspoon,0.2
6583,teaspoonful,0.2
6584,teaspoonfuls,0.4
6585,teaspoons,0.5
6586,teaspoonsful,0.3
6587,temper,-1.8
6588,tempers,-1.3
6589,tendered,0.5
6590,tenderer,0.6
6591,tenderers,1.2
6592,tenderest,1.4
6593,tenderfeet,-0.4
6594,tenderfoot,-0.1
6595,tenderfoots,-0.5
6596,tenderhearted,1.5
6597,tenderheartedly,2.7
6598,tenderheartedness,0.7
6599,tenderheartednesses,2.8
6600,tendering,0.6
6601,tenderization,0.2
6602,tenderize,0.1
6603,tenderized,0.1
6604,tenderizer,0.4
6605,tenderizes,0.3
6606,tenderizing,0.3
6607,tenderloin,-0.2
6608,tenderloins,0.4
6609,tenderly,1.8
6610,tenderness,1.8
6611,tendernesses,0.9
6612,tenderometer,0.2
6613,tenderometers,0.2
6614,tenders,0.6
6615,tense,-1.4
6616,tensed,-1.0
6617,tensely,-1.2
6618,tenseness,-1.5
6619,tenser,-1.5
6620,tenses,-0.9
6621,tensest,-1.2
6622,tensing,-1.0
6623,tension,-1.3
6624,tensional,-0.8
6625,tensioned,-0.4
6626,tensioner,-1.6
6627,tensioners,-0.9
6628,tensioning,-1.4
6629,tensionless,0.6
6630,tensions,-1.7
6631,terrible,-2.1
6632,terribleness,-1.9
6633,terriblenesses,-2.6
6634,terribly,-2.6
6635,terrific,2.1
6636,terrifically,1.7
6637,terrified,-3.0
6638,terrifies,-2.6
6639,terrify,-2.3
6640,terrifying,-2.7
6641,terror,-2.4
6642,terrorise,-3.1
6643,terrorised,-3.3
6644,terrorises,-3.3
6645,terrorising,-3.0
6646,terrorism,-3.6
6647,terrorisms,-3.2
6648,terrorist,-3.7
6649,terroristic,-3.3
6650,terrorists,-3.1
6651,terrorization,-2.7
6652,terrorize,-3.3
6653,terrorized,-3.1
6654,terrorizes,-3.1
6655,terrorizing,-3.0
6656,terrorless,0.9
6657,terrors,-2.6
6658,thank,1.5
6659,thanked,1.9
6660,thankful,2.7
6661,thankfuller,1.9
6662,thankfullest,2.0
6663,thankfully,1.8
6664,thankfulness,2.1
6665,thanks,1.9
6666,thief,-2.4
6667,thieve,-2.2
6668,thieved,-1.4
6669,thieveries,-2.1
6670,thievery,-2.0
6671,thieves,-2.3
6672,thorny,-1.1
6673,thoughtful,1.6
6674,thoughtfully,1.7
6675,thoughtfulness,1.9
6676,thoughtless,-2.0
6677,threat,-2.4
6678,threaten,-1.6
6679,threatened,-2.0
6680,threatener,-1.4
6681,threateners,-1.8
6682,threatening,-2.4
6683,threateningly,-2.2
6684,threatens,-1.6
6685,threating,-2.0
6686,threats,-1.8
6687,thrill,1.5
6688,thrilled,1.9
6689,thriller,0.4
6690,thrillers,0.1
6691,thrilling,2.1
6692,thrillingly,2.0
6693,thrills,1.5
6694,thwarted,-0.1
6695,thwarting,-0.7
6696,thwarts,-0.4
6697,ticked,-1.8
6698,timid,-1.0
6699,timider,-1.0
6700,timidest,-0.9
6701,timidities,-0.7
6702,timidity,-1.3
6703,timidly,-0.7
6704,timidness,-1.0
6705,timorous,-0.8
6706,tired,-1.9
6707,tits,-0.9
6708,tolerance,1.2
6709,tolerances,0.3
6710,tolerant,1.1
6711,tolerantly,0.4
6712,toothless,-1.4
6713,top,0.8
6714,tops,2.3
6715,torn,-1.0
6716,torture,-2.9
6717,tortured,-2.6
6718,torturer,-2.3
6719,torturers,-3.5
6720,tortures,-2.5
6721,torturing,-3.0
6722,torturous,-2.7
6723,torturously,-2.2
6724,totalitarian,-2.1
6725,totalitarianism,-2.7
6726,tough,-0.5
6727,toughed,0.7
6728,toughen,0.1
6729,toughened,0.1
6730,toughening,0.9
6731,toughens,-0.2
6732,tougher,0.7
6733,toughest,-0.3
6734,toughie,-0.7
6735,toughies,-0.6
6736,toughing,-0.5
6737,toughish,-1.0
6738,toughly,-1.1
6739,toughness,-0.2
6740,toughnesses,0.3
6741,toughs,-0.8
6742,toughy,-0.5
6743,tout,-0.5
6744,touted,-0.2
6745,touting,-0.7
6746,touts,-0.1
6747,tragedian,-0.5
6748,tragedians,-1.0
6749,tragedienne,-0.4
6750,tragediennes,-1.4
6751,tragedies,-1.9
6752,tragedy,-3.4
6753,tragic,-2.0
6754,tragical,-2.4
6755,tragically,-2.7
6756,tragicomedy,0.2
6757,tragicomic,-0.2
6758,tragics,-2.2
6759,tranquil,0.2
6760,tranquiler,1.9
6761,tranquilest,1.6
6762,tranquilities,1.5
6763,tranquility,1.8
6764,tranquilize,0.3
6765,tranquilized,-0.2
6766,tranquilizer,-0.1
6767,tranquilizers,-0.4
6768,tranquilizes,-0.1
6769,tranquilizing,-0.5
6770,tranquillest,0.8
6771,tranquillities,0.5
6772,tranquillity,1.8
6773,tranquillized,-0.2
6774,tranquillizer,-0.1
6775,tranquillizers,-0.2
6776,tranquillizes,0.1
6777,tranquillizing,0.8
6778,tranquilly,1.2
6779,tranquilness,1.5
6780,trap,-1.3
6781,trapped,-2.4
6782,trauma,-1.8
6783,traumas,-2.2
6784,traumata,-1.7
6785,traumatic,-2.7
6786,traumatically,-2.8
6787,traumatise,-2.8
6788,traumatised,-2.4
6789,traumatises,-2.2
6790,traumatising,-1.9
6791,traumatism,-2.4
6792,traumatization,-3.0
6793,traumatizations,-2.2
6794,traumatize,-2.4
6795,traumatized,-1.7
6796,traumatizes,-1.4
6797,traumatizing,-2.3
6798,travesty,-2.7
6799,treason,-1.9
6800,treasonous,-2.7
6801,treasurable,2.5
6802,treasure,1.2
6803,treasured,2.6
6804,treasurer,0.5
6805,treasurers,0.4
6806,treasurership,0.4
6807,treasurerships,1.2
6808,treasures,1.8
6809,treasuries,0.9
6810,treasuring,2.1
6811,treasury,0.8
6812,treat,1.7
6813,tremble,-1.1
6814,trembled,-1.1
6815,trembler,-0.6
6816,tremblers,-1.0
6817,trembles,-0.1
6818,trembling,-1.5
6819,trembly,-1.2
6820,tremulous,-1.0
6821,trick,-0.2
6822,tricked,-0.6
6823,tricker,-0.9
6824,trickeries,-1.2
6825,trickers,-1.4
6826,trickery,-1.1
6827,trickie,-0.4
6828,trickier,-0.7
6829,trickiest,-1.2
6830,trickily,-0.8
6831,trickiness,-1.2
6832,trickinesses,-0.4
6833,tricking,0.1
6834,trickish,-1.0
6835,trickishly,-0.7
6836,trickishness,-0.4
6837,trickled,0.1
6838,trickledown,-0.7
6839,trickles,0.2
6840,trickling,-0.2
6841,trickly,-0.3
6842,tricks,-0.5
6843,tricksier,-0.5
6844,tricksiness,-1.0
6845,trickster,-0.9
6846,tricksters,-1.3
6847,tricksy,-0.8
6848,tricky,-0.6
6849,trite,-0.8
6850,triumph,2.1
6851,triumphal,2.0
6852,triumphalisms,1.9
6853,triumphalist,0.5
6854,triumphalists,0.9
6855,triumphant,2.4
6856,triumphantly,2.3
6857,triumphed,2.2
6858,triumphing,2.3
6859,triumphs,2.0
6860,trivial,-0.1
6861,trivialise,-0.8
6862,trivialised,-0.8
6863,trivialises,-1.1
6864,trivialising,-1.4
6865,trivialities,-1.0
6866,triviality,-0.5
6867,trivialization,-0.9
6868,trivializations,-0.7
6869,trivialize,-1.1
6870,trivialized,-0.6
6871,trivializes,-1.0
6872,trivializing,-0.6
6873,trivially,0.4
6874,trivium,-0.3
6875,trouble,-1.7
6876,troubled,-2.0
6877,troublemaker,-2.0
6878,troublemakers,-2.2
6879,troublemaking,-1.8
6880,troubler,-1.4
6881,troublers,-1.9
6882,troubles,-2.0
6883,troubleshoot,0.8
6884,troubleshooter,1.0
6885,troubleshooters,0.8
6886,troubleshooting,0.7
6887,troubleshoots,0.5
6888,troublesome,-2.3
6889,troublesomely,-1.8
6890,troublesomeness,-1.9
6891,troubling,-2.5
6892,troublous,-2.1
6893,troublously,-2.1
6894,trueness,2.1
6895,truer,1.5
6896,truest,1.9
6897,truly,1.9
6898,trust,2.3
6899,trustability,2.1
6900,trustable,2.3
6901,trustbuster,-0.5
6902,trusted,2.1
6903,trustee,1.0
6904,trustees,0.3
6905,trusteeship,0.5
6906,trusteeships,0.6
6907,truster,1.9
6908,trustful,2.1
6909,trustfully,1.5
6910,trustfulness,2.1
6911,trustier,1.3
6912,trusties,1.0
6913,trustiest,2.2
6914,trustily,1.6
6915,trustiness,1.6
6916,trusting,1.7
6917,trustingly,1.6
6918,trustingness,1.6
6919,trustless,-2.3
6920,trustor,0.4
6921,trustors,1.2
6922,trusts,2.1
6923,trustworthily,2.3
6924,trustworthiness,1.8
6925,trustworthy,2.6
6926,trusty,2.2
6927,truth,1.3
6928,truthful,2.0
6929,truthfully,1.9
6930,truthfulness,1.7
6931,truths,1.8
6932,tumor,-1.6
6933,turmoil,-1.5
6934,twat,-3.4
6935,ugh,-1.8
6936,uglier,-2.2
6937,uglies,-2.0
6938,ugliest,-2.8
6939,uglification,-2.2
6940,uglified,-1.5
6941,uglifies,-1.8
6942,uglify,-2.1
6943,uglifying,-2.2
6944,uglily,-2.1
6945,ugliness,-2.7
6946,uglinesses,-2.5
6947,ugly,-2.3
6948,unacceptable,-2.0
6949,unappreciated,-1.7
6950,unapproved,-1.4
6951,unattractive,-1.9
6952,unaware,-0.8
6953,unbelievable,0.8
6954,unbelieving,-0.8
6955,unbiased,-0.1
6956,uncertain,-1.2
6957,uncertainly,-1.4
6958,uncertainness,-1.3
6959,uncertainties,-1.4
6960,uncertainty,-1.4
6961,unclear,-1.0
6962,uncomfortable,-1.6
6963,uncomfortably,-1.7
6964,uncompelling,-0.9
6965,unconcerned,-0.9
6966,unconfirmed,-0.5
6967,uncontrollability,-1.7
6968,uncontrollable,-1.5
6969,uncontrollably,-1.5
6970,uncontrolled,-1.0
6971,unconvinced,-1.6
6972,uncredited,-1.0
6973,undecided,-0.9
6974,underestimate,-1.2
6975,underestimated,-1.1
6976,underestimates,-1.1
6977,undermine,-1.2
6978,undermined,-1.5
6979,undermines,-1.4
6980,undermining,-1.5
6981,undeserving,-1.9
6982,undesirable,-1.9
6983,unease,-1.7
6984,uneasier,-1.4
6985,uneasiest,-2.1
6986,uneasily,-1.4
6987,uneasiness,-1.6
6988,uneasinesses,-1.8
6989,uneasy,-1.6
6990,unemployment,-1.9
6991,unequal,-1.4
6992,unequaled,0.5
6993,unethical,-2.3
6994,unfair,-2.1
6995,unfocused,-1.7
6996,unfortunate,-2.0
6997,unfortunately,-1.4
6998,unfortunates,-1.9
6999,unfriendly,-1.5
7000,unfulfilled,-1.8
7001,ungrateful,-2.0
7002,ungratefully,-1.8
7003,ungratefulness,-1.6
7004,unhappier,-2.4
7005,unhappiest,-2.5
7006,unhappily,-1.9
7007,unhappiness,-2.4
7008,unhappinesses,-2.2
7009,unhappy,-1.8
7010,unhealthy,-2.4
7011,unified,1.6
7012,unimportant,-1.3
7013,unimpressed,-1.4
7014,unimpressive,-1.4
7015,unintelligent,-2.0
7016,uninvolved,-2.2
7017,uninvolving,-2.0
7018,united,1.8
7019,unjust,-2.3
7020,unkind,-1.6
7021,unlovable,-2.7
7022,unloved,-1.9
7023,unlovelier,-1.9
7024,unloveliest,-1.9
7025,unloveliness,-2.0
7026,unlovely,-2.1
7027,unloving,-2.3
7028,unmatched,-0.3
7029,unmotivated,-1.4
7030,unpleasant,-2.1
7031,unprofessional,-2.3
7032,unprotected,-1.5
7033,unresearched,-1.1
7034,unsatisfied,-1.7
7035,unsavory,-1.9
7036,unsecured,-1.6
7037,unsettled,-1.3
7038,unsophisticated,-1.2
7039,unstable,-1.5
7040,unstoppable,-0.8
7041,unsuccessful,-1.5
7042,unsuccessfully,-1.7
7043,unsupported,-1.7
7044,unsure,-1.0
7045,unsurely,-1.3
7046,untarnished,1.6
7047,unwanted,-0.9
7048,unwelcome,-1.7
7049,unworthy,-2.0
7050,upset,-1.6
7051,upsets,-1.5
7052,upsetter,-1.9
7053,upsetters,-2.0
7054,upsetting,-2.1
7055,uptight,-1.6
7056,uptightness,-1.2
7057,urgent,0.8
7058,useful,1.9
7059,usefully,1.8
7060,usefulness,1.2
7061,useless,-1.8
7062,uselessly,-1.5
7063,uselessness,-1.6
7064,v.v,-2.9
7065,vague,-0.4
7066,vain,-1.8
7067,validate,1.5
7068,validated,0.9
7069,validates,1.4
7070,validating,1.4
7071,valuable,2.1
7072,valuableness,1.7
7073,valuables,2.1
7074,valuably,2.3
7075,value,1.4
7076,valued,1.9
7077,values,1.7
7078,valuing,1.4
7079,vanity,-0.9
7080,verdict,0.6
7081,verdicts,0.3
7082,vested,0.6
7083,vexation,-1.9
7084,vexing,-2.0
7085,vibrant,2.4
7086,vicious,-1.5
7087,viciously,-1.3
7088,viciousness,-2.4
7089,viciousnesses,-0.6
7090,victim,-1.1
7091,victimhood,-2.0
7092,victimhoods,-0.9
7093,victimise,-1.1
7094,victimised,-1.5
7095,victimises,-1.2
7096,victimising,-2.5
7097,victimization,-2.3
7098,victimizations,-1.5
7099,victimize,-2.5
7100,victimized,-1.8
7101,victimizer,-1.8
7102,victimizers,-1.6
7103,victimizes,-1.5
7104,victimizing,-2.6
7105,victimless,0.6
7106,victimologies,-0.6
7107,victimologist,-0.5
7108,victimologists,-0.4
7109,victimology,0.3
7110,victims,-1.3
7111,vigilant,0.7
7112,vigor,1.1
7113,vigorish,-0.4
7114,vigorishes,0.4
7115,vigoroso,1.5
7116,vigorously,0.5
7117,vigorousness,0.4
7118,vigors,1.0
7119,vigour,0.9
7120,vigours,0.4
7121,vile,-3.1
7122,villain,-2.6
7123,villainess,-2.9
7124,villainesses,-2.0
7125,villainies,-2.3
7126,villainous,-2.0
7127,villainously,-2.9
7128,villainousness,-2.7
7129,villains,-3.4
7130,villainy,-2.6
7131,vindicate,0.3
7132,vindicated,1.8
7133,vindicates,1.6
7134,vindicating,-1.1
7135,violate,-2.2
7136,violated,-2.4
7137,violater,-2.6
7138,violaters,-2.4
7139,violates,-2.3
7140,violating,-2.5
7141,violation,-2.2
7142,violations,-2.4
7143,violative,-2.4
7144,violator,-2.4
7145,violators,-1.9
7146,violence,-3.1
7147,violent,-2.9
7148,violently,-2.8
7149,virtue,1.8
7150,virtueless,-1.4
7151,virtues,1.5
7152,virtuosa,1.7
7153,virtuosas,1.8
7154,virtuose,1.0
7155,virtuosi,0.9
7156,virtuosic,2.2
7157,virtuosity,2.1
7158,virtuoso,2.0
7159,virtuosos,1.8
7160,virtuous,2.4
7161,virtuously,1.8
7162,virtuousness,2.0
7163,virulent,-2.7
7164,vision,1.0
7165,visionary,2.4
7166,visioning,1.1
7167,visions,0.9
7168,vital,1.2
7169,vitalise,1.1
7170,vitalised,0.6
7171,vitalises,1.1
7172,vitalising,2.1
7173,vitalism,0.2
7174,vitalist,0.3
7175,vitalists,0.3
7176,vitalities,1.2
7177,vitality,1.3
7178,vitalization,1.6
7179,vitalizations,0.8
7180,vitalize,1.6
7181,vitalized,1.5
7182,vitalizes,1.4
7183,vitalizing,1.3
7184,vitally,1.1
7185,vitals,1.1
7186,vitamin,1.2
7187,vitriolic,-2.1
7188,vivacious,1.8
7189,vociferous,-0.8
7190,vulnerabilities,-0.6
7191,vulnerability,-0.9
7192,vulnerable,-0.9
7193,vulnerableness,-1.1
7194,vulnerably,-1.2
7195,vulture,-2.0
7196,vultures,-1.3
7197,w00t,2.2
7198,walkout,-1.3
7199,walkouts,-0.7
7200,wanker,-2.5
7201,want,0.3
7202,war,-2.9
7203,warfare,-1.2
7204,warfares,-1.8
7205,warm,0.9
7206,warmblooded,0.2
7207,warmed,1.1
7208,warmer,1.2
7209,warmers,1.0
7210,warmest,1.7
7211,warmhearted,1.8
7212,warmheartedness,2.7
7213,warming,0.6
7214,warmish,1.4
7215,warmly,1.7
7216,warmness,1.5
7217,warmonger,-2.9
7218,warmongering,-2.5
7219,warmongers,-2.8
7220,warmouth,0.4
7221,warmouths,-0.8
7222,warms,1.1
7223,warmth,2.0
7224,warmup,0.4
7225,warmups,0.8
7226,warn,-0.4
7227,warned,-1.1
7228,warning,-1.4
7229,warnings,-1.2
7230,warns,-0.4
7231,warred,-2.4
7232,warring,-1.9
7233,wars,-2.6
7234,warsaw,-0.1
7235,warsaws,-0.2
7236,warship,-0.7
7237,warships,-0.5
7238,warstle,0.1
7239,waste,-1.8
7240,wasted,-2.2
7241,wasting,-1.7
7242,wavering,-0.6
7243,weak,-1.9
7244,weaken,-1.8
7245,weakened,-1.3
7246,weakener,-1.6
7247,weakeners,-1.3
7248,weakening,-1.3
7249,weakens,-1.3
7250,weaker,-1.9
7251,weakest,-2.3
7252,weakfish,-0.2
7253,weakfishes,-0.6
7254,weakhearted,-1.6
7255,weakish,-1.2
7256,weaklier,-1.5
7257,weakliest,-2.1
7258,weakling,-1.3
7259,weaklings,-1.4
7260,weakly,-1.8
7261,weakness,-1.8
7262,weaknesses,-1.5
7263,weakside,-1.1
7264,wealth,2.2
7265,wealthier,2.2
7266,wealthiest,2.2
7267,wealthily,2.0
7268,wealthiness,2.4
7269,wealthy,1.5
7270,weapon,-1.2
7271,weaponed,-1.4
7272,weaponless,0.1
7273,weaponry,-0.9
7274,weapons,-1.9
7275,weary,-1.1
7276,weep,-2.7
7277,weeper,-1.9
7278,weepers,-1.1
7279,weepie,-0.4
7280,weepier,-1.8
7281,weepies,-1.6
7282,weepiest,-2.4
7283,weeping,-1.9
7284,weepings,-1.9
7285,weeps,-1.4
7286,weepy,-1.3
7287,weird,-0.7
7288,weirder,-0.5
7289,weirdest,-0.9
7290,weirdie,-1.3
7291,weirdies,-1.0
7292,weirdly,-1.2
7293,weirdness,-0.9
7294,weirdnesses,-0.7
7295,weirdo,-1.8
7296,weirdoes,-1.3
7297,weirdos,-1.1
7298,weirds,-0.6
7299,weirdy,-0.9
7300,welcome,2.0
7301,welcomed,2.2
7302,welcomely,1.9
7303,welcomeness,2.0
7304,welcomer,1.4
7305,welcomers,1.9
7306,welcomes,1.7
7307,welcoming,1.9
7308,well,1.1
7309,welladay,0.3
7310,wellaway,-0.8
7311,wellborn,1.8
7312,welldoer,2.5
7313,welldoers,1.6
7314,welled,0.4
7315,wellhead,0.1
7316,wellheads,0.5
7317,wellhole,-0.1
7318,wellies,0.4
7319,welling,1.6
7320,wellness,1.9
7321,wells,1.0
7322,wellsite,0.5
7323,wellspring,1.5
7324,wellsprings,1.4
7325,welly,0.2
7326,wept,-2.0
7327,whimsical,0.3
7328,whine,-1.5
7329,whined,-0.9
7330,whiner,-1.2
7331,whiners,-0.6
7332,whines,-1.8
7333,whiney,-1.3
7334,whining,-0.9
7335,whitewash,0.1
7336,whore,-3.3
7337,whored,-2.8
7338,whoredom,-2.1
7339,whoredoms,-2.4
7340,whorehouse,-1.1
7341,whorehouses,-1.9
7342,whoremaster,-1.9
7343,whoremasters,-1.5
7344,whoremonger,-2.6
7345,whoremongers,-2.0
7346,whores,-3.0
7347,whoreson,-2.2
7348,whoresons,-2.5
7349,wicked,-2.4
7350,wickeder,-2.2
7351,wickedest,-2.9
7352,wickedly,-2.1
7353,wickedness,-2.1
7354,wickednesses,-2.2
7355,widowed,-2.1
7356,willingness,1.1
7357,wimp,-1.4
7358,wimpier,-1.0
7359,wimpiest,-0.9
7360,wimpiness,-1.2
7361,wimpish,-1.6
7362,wimpishness,-0.2
7363,wimple,-0.2
7364,wimples,-0.3
7365,wimps,-1.0
7366,wimpy,-0.9
7367,win,2.8
7368,winnable,1.8
7369,winned,1.8
7370,winner,2.8
7371,winners,2.1
7372,winning,2.4
7373,winningly,2.3
7374,winnings,2.5
7375,winnow,-0.3
7376,winnower,-0.1
7377,winnowers,-0.2
7378,winnowing,-0.1
7379,winnows,-0.2
7380,wins,2.7
7381,wisdom,2.4
7382,wise,2.1
7383,wiseacre,-1.2
7384,wiseacres,-0.1
7385,wiseass,-1.8
7386,wiseasses,-1.5
7387,wisecrack,-0.1
7388,wisecracked,-0.5
7389,wisecracker,-0.1
7390,wisecrackers,0.1
7391,wisecracking,-0.6
7392,wisecracks,-0.3
7393,wised,1.5
7394,wiseguys,0.3
7395,wiselier,0.9
7396,wiseliest,1.6
7397,wisely,1.8
7398,wiseness,1.9
7399,wisenheimer,-1.0
7400,wisenheimers,-1.4
7401,wisents,0.4
7402,wiser,1.2
7403,wises,1.3
7404,wisest,2.1
7405,wisewomen,1.3
7406,wish,1.7
7407,wishes,0.6
7408,wishing,0.9
7409,witch,-1.5
7410,withdrawal,0.1
7411,woe,-1.8
7412,woebegone,-2.6
7413,woebegoneness,-1.1
7414,woeful,-1.9
7415,woefully,-1.7
7416,woefulness,-2.1
7417,woes,-1.9
7418,woesome,-1.2
7419,won,2.7
7420,wonderful,2.7
7421,wonderfully,2.9
7422,wonderfulness,2.9
7423,woo,2.1
7424,woohoo,2.3
7425,woot,1.8
7426,worn,-1.2
7427,worried,-1.2
7428,worriedly,-2.0
7429,worrier,-1.8
7430,worriers,-1.7
7431,worries,-1.8
7432,worriment,-1.5
7433,worriments,-1.9
7434,worrisome,-1.7
7435,worrisomely,-2.0
7436,worrisomeness,-1.9
7437,worrit,-2.1
7438,worrits,-1.2
7439,worry,-1.9
7440,worrying,-1.4
7441,worrywart,-1.8
7442,worrywarts,-1.5
7443,worse,-2.1
7444,worsen,-2.3
7445,worsened,-1.9
7446,worsening,-2.0
7447,worsens,-2.1
7448,worser,-2.0
7449,worship,1.2
7450,worshiped,2.4
7451,worshiper,1.0
7452,worshipers,0.9
7453,worshipful,0.7
7454,worshipfully,1.1
7455,worshipfulness,1.6
7456,worshiping,1.0
7457,worshipless,-0.6
7458,worshipped,2.7
7459,worshipper,0.6
7460,worshippers,0.8
7461,worshipping,1.6
7462,worships,1.4
7463,worst,-3.1
7464,worth,0.9
7465,worthless,-1.9
7466,worthwhile,1.4
7467,worthy,1.9
7468,wow,2.8
7469,wowed,2.6
7470,wowing,2.5
7471,wows,2.0
7472,wowser,-1.1
7473,wowsers,1.0
7474,wrathful,-2.7
7475,wreck,-1.9
7476,wrong,-2.1
7477,wronged,-1.9
7478,yay,2.4
7479,yeah,1.2
7480,yearning,0.5
7481,yeees,1.7
7482,yep,1.2
7483,yes,1.7
7484,youthful,1.3
7485,yucky,-1.8
7486,yummy,2.4
7487,zealot,-1.9
7488,zealots,-0.8
7489,zealous,0.5
7490,{:,1.8
7491,|-0,-1.2
7492,|-:,-0.8
7493,|-:>,-1.6
7494,|-o,-1.2
7495,|:,-0.5
7496,|;-),2.2
7497,|=,-0.4
7498,|^:,-1.1
7499,|o:,-0.9
7500,||-:,-2.3
7501,}:,-2.1
7502,}:(,-2.0
7503,}:),0.4
7504,}:-(,-2.1
7505,}:-),0.3
7506,absence,-2.0
7507,accessible,3.0
7508,against,-2.0
7509,ample,2.6
7510,applicant,0.0
7511,applicants,0.0
7512,applications,0.0
7513,apprehend,-1.0
7514,basis,2.0
7515,because,3.0
7516,before,0.5
7517,briefly,1.0
7518,cannot,-3.0
7519,changes,-0.3
7520,claim,0.0
7521,claims,0.0
7522,competing,-2.0
7523,concise,2.5
7524,conclusory,-4.0
7525,consider,0.4
7526,context,1.0
7527,crucial,1.9
7528,custom,1.0
7529,customary,1.0
7530,debate,-2.0
7531,deficiencies,-4.0
7532,deliberate,-0.7
7533,deliberateness,-0.7
7534,describe,0.4
7535,detail,1.0
7536,difference,-0.2
7537,differentiate,0.6
7538,differentiates,0.6
7539,direct,0.9
7540,discover,-0.3
7541,discrete,1.9
7542,discussion,0.5
7543,envisage,1.0
7544,envisages,1.0
7545,equated,-0.8
7546,essence,0.2
7547,explanatory ,1.0
7548,extensive,2.0
7549,extensively,1.6
7550,fairly,0.8
7551,fashion,0.1
7552,filed,0.0
7553,firm,2.0
7554,flavour,2.0
7555,foreshadowed,1.8
7556,framed,2.0
7557,fulsome,1.2
7558,fundamental,3.0
7559,further,0.8
7560,guide,1.0
7561,hasn't,-3.0
7562,imagine,2.0
7563,indicate,1.0
7564,indication,1.0
7565,indicative,1.0
7566,indifference ,-3.0
7567,issues,0.0
7568,joint,0.0
7569,jump,0.6
7570,knowledge,0.0
7571,latter,0.3
7572,learned,0.0
7573,letter,0.0
7574,limits,-1.0
7575,list,0.0
7576,might,1.2
7577,mischaracterisation,-1.5
7578,misfeasance,-4.0
7579,narrow,-0.2
7580,narrowing,-0.2
7581,neccessitate,-1.0
7582,necessary,4.0
7583,object,-2.0
7584,obvious,1.4
7585,obviously,1.4
7586,order,0.0
7587,orders,0.0
7588,outer,-1.0
7589,papers,0.0
7590,plea,0.0
7591,pleaded,0.0
7592,pleading,0.0
7593,pleadings,0.0
7594,pled,0.0
7595,position,0.0
7596,positions,0.0
7597,possible,1.2
7598,power,2.2
7599,preliminary,0.9
7600,present,1.0
7601,progressed,3.0
7602,progression,3.0
7603,propose,2.0
7604,proposed,3.0
7605,provided,3.0
7606,public,1.0
7607,purpose,1.0
7608,purposes,1.0
7609,quibble,0.0
7610,raised,1.0
7611,real,3.0
7612,reason,3.0
7613,reasonable,3.0
7614,relevant,2.0
7615,remain,0.3
7616,request,2.8
7617,requests,2.8
7618,resolution,4.0
7619,respectf,0.0
7620,responded,0.0
7621,respondent,0.0
7622,respondents,0.0
7623,response,0.0
7624,semantic,-2.0
7625,sets,0.0
7626,simply,2.0
7627,stage,0.0
7628,step,1.0
7629,steps,1.0
7630,submitting,1.2
7631,substance,1.0
7632,substantial ,1.0
7633,sufficient,0.0
7634,suggest,2.0
7635,targeted,2.0
7636,tort,-2.0
7637,true ,2.0
7638,understand,0.2
7639,understands,0.2
7640,unnecessary,-2.2
7641,unusual,1.0
7642,usual,1.5
7643,view,0.5
7644,whether,-1.0
7645,why,-3.0
7646,within,1.0
